{"file_hashes":[{"block_hashes":["2TEPaOyLAFDDcSV+pfdlMHmBPmKuiD7vdISoKSRHLrY=","tdTcVonHSKLYy6MImY6O+YDEE2f44u0uz+CCiy2QyLY="],"block_size":4096,"path":"background.js"},{"block_hashes":["xaHH6aZ3UDEPxaBe0ACNf9VzXW+8TjmH0CFTsPiYTug="],"block_size":4096,"path":"contentscript.js"},{"block_hashes":["CW65NryTAcHG+oZxXrMGvsGxaNxb62m1PNSoG5y2oaM="],"block_size":4096,"path":"img/arrow.gif"},{"block_hashes":["+r9NsQb+GuwJ4QU1WuZi7OwOmCVtugCNzLRazT9CxMM=","w3+RzfQyeZQIVDOesNOc1gJqYIrJ235rRkb0Rq5qE2A=","l8Alhxn5GXKcRCsSyqifq8ZxymCWZvlGobDUDivRBZw=","c1/hEFHatnHI9M4ZMCkGj5JPsgSu1WlhFqNScA0DmHs=","IwgP4D3093vxcCEolNZYMci1KvxlOi+0k0FEkJGzHGE=","f+hdR/Y7xKVGNTuXuqstfVLp+FLOclZclp0WB8wcmNM=","wgWKZYV+P1RPTl0mAavXHS1Z4NCILE6cTcn+EoMesVY=","fLS0BFyP+a1LOS38PKPIunmSP8Z6amWDjVUFXqNOrHo=","ZlmBwnvM5Bi3MVJPoVboLX/5EU3xAfI+yiddNrCyVJQ=","1qFHbZ+FAGo3anbReV6lC4oAmQwd6buONmAvKM9lQ/I=","FIh2pRs3WLAW+yh8iPMUiMgJVzCUDKkVitgmvbT3gSo="],"block_size":4096,"path":"img/bunnypancake.jpg"},{"block_hashes":["JZQySYuN4bH+av7kf2Fwjfep9EiBGw+dGhJS50lif3k="],"block_size":4096,"path":"img/codehandle.png"},{"block_hashes":["ZiFzPJvDKURKUvfi/QTpHMoIN83QM1caJZtsW+c9mTM="],"block_size":4096,"path":"img/codehandle2.png"},{"block_hashes":["6Nh+oM5kvvhSkI5Hy/pGZOy8Smy+jStPFGGmaL/PUwc=","Vihr4qBmUpEF1OkWaOAlx5zyMfiIIv1BbltYyMWGmZ0="],"block_size":4096,"path":"img/extension/chromeExtension.jpg"},{"block_hashes":["5WIf4M+jmimqgz57BWLByaVxlH5TrwZw++b5yrJapiI="],"block_size":4096,"path":"img/icon_documentation.png"},{"block_hashes":["yQZ7ZvX2BC0mNyhZKgvGrYKR6iP1qha6JnDdKdU1f70="],"block_size":4096,"path":"img/icons/accesskey.png"},{"block_hashes":["2X5qJsP8Ubtz4LD9zHaCTyyfm1/h82qPvPqbfa09KI8="],"block_size":4096,"path":"img/icons/alt.png"},{"block_hashes":["XibyjMUXYG5pWiQRGxS9gIlz64RqcBJ/XxstjL76eoI="],"block_size":4096,"path":"img/icons/alt_area.png"},{"block_hashes":["kVbRvfGnB7FiL2MHVd9c+nKLkfXmuK91e9GqAM30Gos="],"block_size":4096,"path":"img/icons/alt_area_missing.png"},{"block_hashes":["rhfJStaeVefNWQVFx6dQZRlEQkU/ykNaeCRmNmJi0hQ="],"block_size":4096,"path":"img/icons/alt_duplicate.png"},{"block_hashes":["8OxVdQmv/eGD1D0tAmOzqj+K/KMVVT9JlLiEE+bokVQ="],"block_size":4096,"path":"img/icons/alt_input.png"},{"block_hashes":["OBJ13cf9aeA9LuFYGIcmYAKJcPXz83ACaYG5AUn+D4M="],"block_size":4096,"path":"img/icons/alt_input_missing.png"},{"block_hashes":["qGrHXPcPXtKrdnSDiE6WwncNOX1pa7o8uzAjDYBPXBA="],"block_size":4096,"path":"img/icons/alt_link.png"},{"block_hashes":["8FjQVjyKebp2LsyYSqClrCPKsc04o0B7h6sqTuJUddc="],"block_size":4096,"path":"img/icons/alt_link_missing.png"},{"block_hashes":["bWlyeByOqJbMNzNs8O+rE18N9IO1SapOwOGhmq62BhA="],"block_size":4096,"path":"img/icons/alt_long.png"},{"block_hashes":["I7Jf3fYrTkn4cyh3mrwurqK9Ye/d/jBYcFgxyIX7lwY="],"block_size":4096,"path":"img/icons/alt_map.png"},{"block_hashes":["AgBHL9F2qKcT5RxBKsL87KYIB+uEZJjfpdE7oQtAaJY="],"block_size":4096,"path":"img/icons/alt_map_missing.png"},{"block_hashes":["AgfP/sDBsp4Fa1FNQbCf47ssEkJQrUnTMDVlcJqYQ7g="],"block_size":4096,"path":"img/icons/alt_missing.png"},{"block_hashes":["vHRRh+Xqc9ItWjChSOyeJHaCI8pGNWXrZbvDJQ9h4Kk="],"block_size":4096,"path":"img/icons/alt_null.png"},{"block_hashes":["v/xSaZ5re2Gp8WAKk2rPTjyHDQ5Lt+yaVRbZJRCc7UE="],"block_size":4096,"path":"img/icons/alt_null_text_spacer.png"},{"block_hashes":["2TG35qyn2Qy4QsPF2cRgGiPXPSWs0J1TrFzDCDXAUCk="],"block_size":4096,"path":"img/icons/alt_redundant.png"},{"block_hashes":["v/xSaZ5re2Gp8WAKk2rPTjyHDQ5Lt+yaVRbZJRCc7UE="],"block_size":4096,"path":"img/icons/alt_spacer.png"},{"block_hashes":["sbLGPd/69ePxeQXBEC9qWMeyuO1ZMmdfJjfanHHgECs="],"block_size":4096,"path":"img/icons/alt_spacer_missing.png"},{"block_hashes":["nKQM2xMk8XlnanKvN3enc7I9t5PJajkJNWTm6cxhHcQ="],"block_size":4096,"path":"img/icons/alt_suspicious.png"},{"block_hashes":["ecXxYO8J7o6oCO62wBnUNIoksAYqG3E5ZKF1gEZNzzA="],"block_size":4096,"path":"img/icons/applet.png"},{"block_hashes":["sLkGDYmwwGYP6zW27XbBtabnmcModMgyxjeh+79psLE="],"block_size":4096,"path":"img/icons/aria.png"},{"block_hashes":["ytAvnTYZBTuQhHoaSvXx3vJVNA1BvxfRDHiuABrfeK0="],"block_size":4096,"path":"img/icons/aria_broken_reference.png"},{"block_hashes":["ZI7nfNFzkChWrMbiQnzEPQxFo48XUW46lYPr42JqXLQ="],"block_size":4096,"path":"img/icons/aria_label.png"},{"block_hashes":["rox8nqQjezC7h+x3s//sRT3QqYEWDYu+zaI5PWSRI7E="],"block_size":4096,"path":"img/icons/aria_landmark.png"},{"block_hashes":["ytAvnTYZBTuQhHoaSvXx3vJVNA1BvxfRDHiuABrfeK0="],"block_size":4096,"path":"img/icons/aria_reference_broken.png"},{"block_hashes":["djdJgCP4Bda9q4qlLFk7mmWMhDJ+1Gkmo1n4PcRPZoY="],"block_size":4096,"path":"img/icons/aria_search.png"},{"block_hashes":["FCi2WLGPx4Mqj71Q5n7Y+1KQ4ho/EMKvW+U/Wqkkhg8="],"block_size":4096,"path":"img/icons/aria_tabindex.png"},{"block_hashes":["WAWACrndBA94VsmcZjZ29eXD6E3WglCEKEBmEYL54LU="],"block_size":4096,"path":"img/icons/arrow.png"},{"block_hashes":["B3DcHSun0s1LeHz/DhV7yOo5EqbHGroDbI+xuYkxCTY="],"block_size":4096,"path":"img/icons/audio_video.png"},{"block_hashes":["F2OyLHVJmk5r1fp5uFWOooK6CS7UJ/DgJUKawBQrrbs="],"block_size":4096,"path":"img/icons/blink.png"},{"block_hashes":["VZDsPVmvQZBNmaA/6CWV5NyzVXH8tqGJmSDojgduCY8="],"block_size":4096,"path":"img/icons/brackets/alert.png"},{"block_hashes":["4xOtPMycctAgap4jfOBvI/YbqL4UKfyEFYSpvnjUwxE="],"block_size":4096,"path":"img/icons/brackets/alert2.png"},{"block_hashes":["HyFiuV3RRPgPqcyE2G4joLN27cKFA8FMaf27tmb88Jo="],"block_size":4096,"path":"img/icons/brackets/error.png"},{"block_hashes":["NsMP6OBZAxyQ1rvpEMtqiAm+IfATKUhhj7/TFuqDMOA="],"block_size":4096,"path":"img/icons/brackets/error2.png"},{"block_hashes":["K/k1I6SWHn0GTRn7vcMequaK5M8QuFluYEycdkiQkNI="],"block_size":4096,"path":"img/icons/brackets/feature.png"},{"block_hashes":["gMRSG0z/+vXPpREuLKze/YCpLR1lx+GulOyVjOqNJEc="],"block_size":4096,"path":"img/icons/brackets/feature2.png"},{"block_hashes":["Le9NMbDoVgK1s1b3MUBrtY8ODmWF+x7rSfGsDhue2s0="],"block_size":4096,"path":"img/icons/brackets/semantic.png"},{"block_hashes":["Nzx8GyqvE5GfAbuKnRuHu0bhrQmgIDGQvTssMz8olzo="],"block_size":4096,"path":"img/icons/brackets/semantic2.png"},{"block_hashes":["xaOPkPItLxhhhhyrlWQBvi3e0cRXJ7IjuduZli38Fl4="],"block_size":4096,"path":"img/icons/button_empty.png"},{"block_hashes":["/6li5RiAVsI5sOLRt6lT8zdsrlB1ougx4LRLQDb6ZoQ="],"block_size":4096,"path":"img/icons/contrast.png"},{"block_hashes":["ylnDj35mGUAfQfE6vOER1rGaKf+FX72RMt8EEFOmArU="],"block_size":4096,"path":"img/icons/dl.png"},{"block_hashes":["kLXM4dKAjB/XsiUWhJMCqlGWN2iIzmtsBitCoeRnf+k="],"block_size":4096,"path":"img/icons/event_handler.png"},{"block_hashes":["BVNdJ719pKa0Y40OTktByW+H7r00KMtMcn4ilX/AEj8="],"block_size":4096,"path":"img/icons/fieldset.png"},{"block_hashes":["HymsrHMCSt7VnlOoW/prlvp3u3P4F+u3nZOrT+56n8c="],"block_size":4096,"path":"img/icons/fieldset_missing.png"},{"block_hashes":["KZEm5NSruapBGJGTilwlXeY8I6Qr6BNY5Epnmr/P678="],"block_size":4096,"path":"img/icons/flash.png"},{"block_hashes":["nQjTxotf5esn9Ou/WbuPh34pVGNOHYG5o9hpagFUdgE="],"block_size":4096,"path":"img/icons/focus_indicator_missing.png"},{"block_hashes":["GYZ4PnOVMu12AnRa09X3IXv1pqHa2ipjYnYwRs7xbAo="],"block_size":4096,"path":"img/icons/h1.png"},{"block_hashes":["0pJ3H6fExhYvtQWlkyNmVW8Lg9OVcbIaDBh0utQM9wQ="],"block_size":4096,"path":"img/icons/h1_missing.png"},{"block_hashes":["MQbr7I99Mhl610K2LJ2c3lmicAeL5zb9qxi2lHsEcA0="],"block_size":4096,"path":"img/icons/h2.png"},{"block_hashes":["UuSY8Z/jEZW8nzkv+0aoQFaRJdCQT3FDfom4vGOJRlc="],"block_size":4096,"path":"img/icons/h3.png"},{"block_hashes":["LnLAn6+cTXhyLI4O0c27Z65P8ryfFpQ7hFr/Yj0fWew="],"block_size":4096,"path":"img/icons/h4.png"},{"block_hashes":["6q0SnEpdbAYOaqpAlXpKB3r3awGen+jaI9K67fukarA="],"block_size":4096,"path":"img/icons/h5.png"},{"block_hashes":["fsdGGFw++TYGMGpqdj5/GsSgdArLA/oft4AwxBPRJGk="],"block_size":4096,"path":"img/icons/h6.png"},{"block_hashes":["l7p9wrDS6y9WpCz2XVAp7+wRKyA6bl8elC4RjFhwCvI="],"block_size":4096,"path":"img/icons/heading_empty.png"},{"block_hashes":["KEnrYhtkojrbyT1x3g7kC7M+GdmqATyXYhOBUVTEV0g="],"block_size":4096,"path":"img/icons/heading_missing.png"},{"block_hashes":["4wVymUMK4y2dej8aicfyfgTNliJs0dvrKW/ww8XUJII="],"block_size":4096,"path":"img/icons/heading_possible.png"},{"block_hashes":["RC5y5mLeuM5W0ZWpZ5Kh9j+w2p1kELaN8iO7u/bWxnM="],"block_size":4096,"path":"img/icons/heading_skipped.png"},{"block_hashes":["uh+kfy6ZQ3cWWYmKi2OTnvk7CSpJoF249qPou8tmOeE="],"block_size":4096,"path":"img/icons/html5_aside.png"},{"block_hashes":["f8l6TzhN8/QXIK4OnXQYoOMXyomZ6PGF4Dfuj4hpTqo="],"block_size":4096,"path":"img/icons/html5_footer.png"},{"block_hashes":["l5QcZ3lybxwk0AaJo3pvqsDpamTx6gDwII8T2QSSkiQ="],"block_size":4096,"path":"img/icons/html5_header.png"},{"block_hashes":["VC/cymG+xVFceuueMZ5Hyu7z+BN64qmIxA8g2K09Jk8="],"block_size":4096,"path":"img/icons/html5_main.png"},{"block_hashes":["+AVZQobbYL0ekzMbouymGbzp5pIHa9M/ljd+EAC0fdA="],"block_size":4096,"path":"img/icons/html5_nav.png"},{"block_hashes":["jamrJ+YMWPLJzSR4PEiY4Ma6rsyS7dtZAXq2tmysxcc="],"block_size":4096,"path":"img/icons/html5_video_audio.png"},{"block_hashes":["53MAUXlRkCg+ek+b2BBrXnqMsIWZaupzAr4yGERw8oU="],"block_size":4096,"path":"img/icons/iframe.png"},{"block_hashes":["YUj4omk0mk09MhoDYI9xJKGJBeM+ZpQ5fElwW9vq9bE="],"block_size":4096,"path":"img/icons/javascript_jumpmenu.png"},{"block_hashes":["M6c5yCnNXDzJtPUlLF+AelenAen0Zz3nD2OFFkrYjaM="],"block_size":4096,"path":"img/icons/label.png"},{"block_hashes":["YWlZf2pkGgQxGUYpIvTIqMMn1sKGW5MRNKAL1eubGLw="],"block_size":4096,"path":"img/icons/label_empty.png"},{"block_hashes":["0iOV8nWkZvUM01TS+nDMLYFCdn6x0z7dH0gS620mWwU="],"block_size":4096,"path":"img/icons/label_missing.png"},{"block_hashes":["mpxGt9V64uc8WMpRVXi+oroPHSWQTxXD+rDD1RhMY7w="],"block_size":4096,"path":"img/icons/label_multiple.png"},{"block_hashes":["iovDUAPDol2CYiydyPONowK6YtPiflOkO9SYPy+H8Lw="],"block_size":4096,"path":"img/icons/label_orphaned.png"},{"block_hashes":["CVxtM7N/+9Z91l7HyvRmkqB4PUdAfSUFeRAtBGhxsG0="],"block_size":4096,"path":"img/icons/label_title.png"},{"block_hashes":["kf1O7BLeM/4EnIWOQpfveaAOArhT3gfuLEpmPRL0YOg="],"block_size":4096,"path":"img/icons/lang.png"},{"block_hashes":["H5xVJsUQKS+nyTrwkwBEik350Wi1yyjQtBzepoUWDA4="],"block_size":4096,"path":"img/icons/language_missing.png"},{"block_hashes":["PzYMqCxLC5thlf4alhycO629fZR5PBE6QJTA//eG6qg="],"block_size":4096,"path":"img/icons/legend_missing.png"},{"block_hashes":["jxCM+BPq/qyd9mYivX6BEUGnlQAxmk9LswhcW6HnjRM="],"block_size":4096,"path":"img/icons/link_document.png"},{"block_hashes":["fQ3xr5N0Fj8N0Nb36+OZhlO6uBpNWCbRCEGG7xxptQs="],"block_size":4096,"path":"img/icons/link_empty.png"},{"block_hashes":["btI/zhTKG77iy5N7OJ5kDNfMJTiV7wsYL8nEGJ3ODMs="],"block_size":4096,"path":"img/icons/link_excel.png"},{"block_hashes":["t5kB4xx2PFQmFBSYPEu+jJfUZnIiYL7HqhgwKX3dMWo="],"block_size":4096,"path":"img/icons/link_internal_broken.png"},{"block_hashes":["IX0O88Z09AKcr7KjlOvcCQddHWSOSmRX7rCxE4b+xKY="],"block_size":4096,"path":"img/icons/link_pdf.png"},{"block_hashes":["W8S4jnqTpem2E7i3Za3hylTbA28EvlfIyqUivdUczz8="],"block_size":4096,"path":"img/icons/link_powerpoint.png"},{"block_hashes":["tR3/P8sEJtfUpCSem9lG44zsWAdQR9aY3tt/JW2VuOM="],"block_size":4096,"path":"img/icons/link_redundant.png"},{"block_hashes":["7cN+fgwM7BInL9hkB4ZOnzSrOwGY5g1nUJOp/Y1Dq/Q="],"block_size":4096,"path":"img/icons/link_skip.png"},{"block_hashes":["V+zvH4jDKjYbJNpkvSq85xxPAeyMVLOpUQ1tkzF/u6U="],"block_size":4096,"path":"img/icons/link_skip_broken.png"},{"block_hashes":["HPTIALBhNvVKZugdoVPAMUX1iQUqGeelE56XyCRDpb0="],"block_size":4096,"path":"img/icons/link_skip_target.png"},{"block_hashes":["LPuTycQuF4/PiiC+Fa5fZD5WWfpwVe1uyRgui3sxn0E="],"block_size":4096,"path":"img/icons/link_suspicious.png"},{"block_hashes":["SdrjqiqV/0LyftvFDKA+EJzQGoEIfGm3GVPHNLG2R+c="],"block_size":4096,"path":"img/icons/link_word.png"},{"block_hashes":["ITYktBniGWouVbS60br63h43vk7VJGankwmXsArOqqE="],"block_size":4096,"path":"img/icons/longdesc.png"},{"block_hashes":["5E5Pc1q7BQ1sgJ/FNQe7hrUUWjVK0MpSu0C/R7ADCKk="],"block_size":4096,"path":"img/icons/longdesc_invalid.png"},{"block_hashes":["VnEbcQ4zf/Cyl6VEKB0Z3vDz75RwaRAT+jj53aZv2Rc="],"block_size":4096,"path":"img/icons/marquee.png"},{"block_hashes":["NfsULr73EQUrlU65v7z4QBBT+w37bPzoNbYQbi9IvxI="],"block_size":4096,"path":"img/icons/meta_refresh.png"},{"block_hashes":["TeV1ydNIwiJspsYsjC8fEPhmVFWH6LR/Nas6MLajpkA="],"block_size":4096,"path":"img/icons/noscript.png"},{"block_hashes":["hXSj9LTzRk4pNPhcZC8P4PtBjdRPYwqdz72Sn/woLfc="],"block_size":4096,"path":"img/icons/ol.png"},{"block_hashes":["pcnz45dEzu4JF2G9lkq3VxBnPUcgIkooq6WZ9DfxP5Y="],"block_size":4096,"path":"img/icons/plugin.png"},{"block_hashes":["nty3xqCUAGCjrH8R8cewg/v2Jil6NzSbxnPuy+q3pN0="],"block_size":4096,"path":"img/icons/server_image_map.png"},{"block_hashes":["RlZ/CUqCOtiGgPqrfg0MoMQtLYu4NCgCKmd0Bk9vsi0="],"block_size":4096,"path":"img/icons/tabindex.png"},{"block_hashes":["SMwWe7Erj1cpJWttiBXHjQN3DWy5QjTVrD2i6xWwy2o="],"block_size":4096,"path":"img/icons/table_caption.png"},{"block_hashes":["y1uu+aS/GGanTxQkQXngc7rgngfp4acQM9y+wEvm59U="],"block_size":4096,"path":"img/icons/table_caption_possible.png"},{"block_hashes":["t6HWlN9oyWwDl207naoHDg1wpLGza/BzaIH7uoZLZRo="],"block_size":4096,"path":"img/icons/table_data.png"},{"block_hashes":["KkHH5wjovwtK1KHRh0h5o89dJ1kzT3TNsFY3iEAb8Q4="],"block_size":4096,"path":"img/icons/table_layout.png"},{"block_hashes":["8ePWsfnRbhj4zC/FP1cvJF6zfw9N4aWakiWZ+wHxW+0="],"block_size":4096,"path":"img/icons/text_justified.png"},{"block_hashes":["GjE9EkKUUnpbvI67oJ+vkKCY1xuR0nkSu7aBoozYkHA="],"block_size":4096,"path":"img/icons/text_small.png"},{"block_hashes":["ExY/F3LKZNsb9TG0vr2vE6VFBpbkQfwbrWW5grzboU4="],"block_size":4096,"path":"img/icons/th.png"},{"block_hashes":["NThhFmHTP99CSoy8+39EKufa7VqwMXbnXv9UU+IZTsw="],"block_size":4096,"path":"img/icons/th_col.png"},{"block_hashes":["JGQSmpeMyaYSPLSoJDcf6v8UOhilhgpgrU1otUZn628="],"block_size":4096,"path":"img/icons/th_empty.png"},{"block_hashes":["UpA0Lq/OuQadRDfZoqUU9xYjCLbLWcgzRbxm/bYcq/w="],"block_size":4096,"path":"img/icons/th_row.png"},{"block_hashes":["O77I0R0mCT2F5YTXioHNP6NwNgj1jgmPLRgHPiARPJg="],"block_size":4096,"path":"img/icons/title_invalid.png"},{"block_hashes":["ijA/rQF+sjzkyujVeeYGKCUUoXb92ykY1ZvY6bHR8js="],"block_size":4096,"path":"img/icons/title_redundant.png"},{"block_hashes":["Qs7iTSFGEN256a5oLv/bOv4Zlc7fJcqRvLzuNI1AD9U="],"block_size":4096,"path":"img/icons/ul.png"},{"block_hashes":["rkVTb/kF4I4ctITQ3VzFvWrCoXQa5YZ/nW7veOpaRG8="],"block_size":4096,"path":"img/icons/underline.png"},{"block_hashes":["FuoM9m1R79u8KmKxGrBBn6cvszIIRPHQ1xBIAkWsmSU="],"block_size":4096,"path":"img/loading.gif"},{"block_hashes":["tAd6tWJ+RJ5GXEp62qDZ8Xkf6SvS68kneosNeNSWOmY="],"block_size":4096,"path":"img/refresh.png"},{"block_hashes":["YNdlJy+1tQIEuvELL0S6bY5yW31kmLZxt/hywpgyfTo="],"block_size":4096,"path":"img/refresh_on.png"},{"block_hashes":["5HAfoLFdG2nitodtZ+J9NVf765yyNOSLMEUzaEwQhNo="],"block_size":4096,"path":"img/submit.png"},{"block_hashes":["cjrqSDrdb1VzuJp5AYQVCcDmESf6Yqnd6lpCqGfb4oE="],"block_size":4096,"path":"img/submit_on.png"},{"block_hashes":["QdiaK24+2Pxm0g/9aVXk2DODUf2XPnyNkM3iEmkUw0w="],"block_size":4096,"path":"img/tabs/details.png"},{"block_hashes":["wt4V6GhJLxvaN6zmvEJiTCaUr+XbFmCXPKIiJKssR1E="],"block_size":4096,"path":"img/tabs/details_current.png"},{"block_hashes":["8A1LRMAY1H7hJbadjWh4WrSJrqAwdDfpsjOPFqmMJnk="],"block_size":4096,"path":"img/tabs/documentation.png"},{"block_hashes":["nfQQ47IIWee9wR7+iFCjCMZtM4mifUKOuHgr1ZS3AhE="],"block_size":4096,"path":"img/tabs/documentation_current.png"},{"block_hashes":["8JLTCtUNUt0qaf7GNtdCRqSBK6KfEcpaDojddXKwZBY="],"block_size":4096,"path":"img/tabs/map.png"},{"block_hashes":["buBANICKjP4KxntRyxLKuD/HGH78L6YvbN3Ly7ruZ/s="],"block_size":4096,"path":"img/tabs/map_current.png"},{"block_hashes":["mpZfIgkK+trp1x0Fi8Wi3vQ4dqRBHESyEPU5Yy5/M18="],"block_size":4096,"path":"img/tabs/outline.png"},{"block_hashes":["kZMElDR7Wq3jnAmgJkgYATTS6IiKbETkJgngj03+aIw="],"block_size":4096,"path":"img/tabs/outline_current.png"},{"block_hashes":["qNZ2LnNFKeXiyBY3W1U30ogluUHLp6WZb/t+BDEcRD0="],"block_size":4096,"path":"img/tabs/summary.png"},{"block_hashes":["sVMEjcTWIfUGdhlIdtq1tXxV9AtCWGX0WUovihHPqMs="],"block_size":4096,"path":"img/tabs/summary_current.png"},{"block_hashes":["xFn9BMQ360c8rK7qrbi06AczTIY4h8+t0lBVu66+LwY=","vHSNreyXmchBeG6sRoeTIlZg3gX+IUCUgU9gsxs6dIw="],"block_size":4096,"path":"img/toolbar/toolbarscreenshot.gif"},{"block_hashes":["y+XRM31HurwFJyn+2NJdxb6AaaHtRyEyg3M7E6eYMdo=","7hOVKOytXHE93fLd4CzZ8tKnfJkQcco/nnkEjcadJFU="],"block_size":4096,"path":"img/toolbar/wavesmalllogo.png"},{"block_hashes":["U32/kyST3xeDQhkI04w61YOyQHIzMm/4u9MFL+xQKwo="],"block_size":4096,"path":"img/wave19.png"},{"block_hashes":["fdWqJ9Z/+cfqSW9DEuqa37SVRQiTu1INBaG3YLy0ap0="],"block_size":4096,"path":"img/wave19bk.png"},{"block_hashes":["HnQQRqfZbC1slkefwsSCuOQvcmr4I5Sh2P+zqqo7O2U="],"block_size":4096,"path":"img/waveExtensionIcon.png"},{"block_hashes":["Q0PeiBVsbXRUokSMotBiIin3oE222QIBwI1SDlVJa6U="],"block_size":4096,"path":"img/waveExtensionIcon_bk.png"},{"block_hashes":["7vFbEDtSo7fMFJrVmRzNE9SKFZZTVZMFh5orBDZzo1M=","N8ICJE7+0lYEoliE5m9iEqBGW9H+XPyLzmL7hxV5yu0=","E4N25p9ER9xKraA9CwSVqk7O6V7e4jAJyVONQy1BBtY=","y5LISE6GhNZLlK9H5qV9moMUEnCRDkKxjBcrhDsQeyo=","Xyk6VMe0hWnEabahJsWZl6XHCCdYVrAeECKPGhPvzy8=","2DxHfl7/JeOmehrB4nOoHg8a6zM0Y5HPgb1TAMwiBHs=","YT5eqqpD4o2y6l1koPCJuJ4OkCDlApQXquGusyeiMdw="],"block_size":4096,"path":"img/wavelogo.png"},{"block_hashes":["EYqzWRdwN9lVOZB/NAwf8SelC14kpf0IGl7XocEkExk="],"block_size":4096,"path":"inject.js"},{"block_hashes":["zXgN2wAOXCtzt+5u3Qv0Ty6T3TUFJQZIlRHRO8jDwCM=","+r6GKewu27pGp0zON+eY5WR1/RUW2jfG/DL05CqtGvk="],"block_size":4096,"path":"sidebar.html"},{"block_hashes":["NqxYQid4RX8DzaZvO1xPO8OALx8mDjCf4ay5aIS4YA0=","echjI9ZXtDEPTTx8iflwerGlh/XpeNvucJr4IGCTddA=","6D9Z8c9vuX9VtIedQMuSzoVZ73JCWRleSSPWJnsC89A=","IRMOR7KUBUF46TlzwL34bXSGILoGvjsLYfdfO15asGs=","u/2IKmhg1HbMOEEBC3SlGr5V4Z2s578A7dQxZ/lJk3E=","0TuAVxw3CBuuW9McxYBiClmFZH2uDKaogz4FqAaZYJI=","daFMKvTTCzfil436Ij/X14Gf40x6BIXN1smY9iGB6Wg=","lkH8ikwx0myrolmzWbXimrx9ZQ1ZMjfHtWeZwlCWf60=","hfswSumxtL/bQTCkDCl5VzXNLYZ/aNhWnMsiB4fO4c8=","4OjADoT+hHfaExE97xkXHrDOkSOlbW5AiT/2nB5hS0A=","TlQQmM8bxqRlFbPGOGIqUh6I5UFaYZrWknFDmZRQXFM=","1G55bSnFL+rhEjT6zoU8IJa9/Xk5WW5sLaz8v4e1UzI=","E4aqiKf+FOgdQ3lc5TxbCc00PV95yKga+YH3b73AVn4=","G60yFM/2VI5pDpS4H6qqppSZsItIJ5msHB9g1tsyy/M=","DjTrWCqtTo5rlfFhZn8BEzy5M8nHc46zIPkiUzukWg0=","/bg/9qiwATr1yCvyyWlByNIEmUJPJuAwFEWI8mDg9l4=","3r/JDL0Z20r0vtUnlN1UDtOs+kB4tJQz1dr63SUwUpQ=","DGzr8aylGIM9iQ3VBbrBGybzGze9wQtPrZaLnZ2mKW0=","JAHoGmr+hTAjwt/P5pg+Nily17VFo5UlR8b9nU47rVg=","8NiLe6vROBn8450gwK4Fx+hebrTwJicGq+tyKDDtHdg=","Q/5m+wF1tyAmaXNfrHeDN0vLZT2PReP2UI3GE71QgeY=","rLFENhTJShp8xZujvQnV+e6xpsT33b6fuUe9ez4ZwUE=","oD/kqzskBo9fOPDkXfOICib2L4Kn9mnwWk/4DyRmDkw=","sUKODEBbpM2q59xSzGB3waCpw53aBSMh8ZqXKl34iVM=","EaV8zsHdbkrDgx+d0yAzjctMgkJHCg4OfWYUMi5M8qc=","Q52esihPB8iEGir+jApLJ25zyP3qI/f49sUyf30HkVg=","t44jSEV96FaJuqTwaryV7vHNB+VgsaeW851PGw74Ry8=","FSw07oC0XeOnats3rEWLUV0TZbDsMO/00+tFLDiNj0A=","CDgXiku5lF1FSHS94MlMYV4Oyy9rJtGkdrXIzx1YR3k=","ZPWqNpEQ27Eg5a9cyWqmfgCBP0TxcYdSkac2YpsPw/w=","vP8Tbe3qhyrOdx0GEruu2fg+sVag0tPClwTD8zZqmio=","5B1I4V6+bspQ7147cOzhhgCaHWoZV7m30zjXfFeEWpg=","K68rELMlfGMCYoUx3jM9gmWWyoq+vhrRUEYJAmZlHIQ=","5GfHaDdqWV6nvbESF75oaQr2ALPJ7Lw2J/KijZPUV3o=","S4KsOJ4pyUuopjHH2vLLiR+GMWrREtHlnpDp9rcEJD8=","9F3rnPw9sgllU6aHbjDaTuubY3sNeNjNzqTFZU9oy4c=","YvRp02dLhxNiC0Nlpa311BwoBy5bh4IPdKNTwDPx6Wc=","Cx9sQFks47DutZDatmsbGc0HM4ULvTCUZdJUGYE7oUw=","4qrAC4cDdMa5MthbeyorGSoh+M+B/QCtBSb1lAa8k/0=","yt9zhuwXXflsVBfIPMUf3bs+SyAimDpt53zp0WUqytI=","+LFSM4+MeIYewzEjV9N/ZZ1Hv4xTjGwlPVKwhLmg2pg=","8kprczYXcLRmVTquH3y1S+xU871HUNVyMdxPl/rUlfI=","NqNgLcwMzC90Be98YRZdo5V1yqh+i6usq8quoMrtOQU=","z/CiIqBo+psngahPsunLnCukKJ9YvZzSVFzj4iENPU4=","29aTbyoexjMoVNRWQ8xrV24EUBlN3Pq0Nwfrj6nvm74=","+fGAlhwF4XbJY1I9SNqiLnFOOw7oPeuOG1BJuQFgL4I=","n06VSztxySRyqGwdeZzZd2MFexwb61+gPfk3UathETs=","MlSSaDeA8Dj2UYOGDff1Gq0urXKQ0jA6lCLKZwBBeHU=","2jLJ7pckbsacg3VapCdQt4C+Rmr/JI1mly6SXsWVSMo=","Teipd1OrtIgTyaUKHCDm5WFX8trFoIYI25qQmcaMAyA=","EQHDCZVBpR/dWwTJOQGPze/GY3bKzhZIFbOY9pSZODc=","j/s1xdm+RdAey9zTHU62ApEcf6lBue/97eC+aWLkpak=","EBZjdq3Rfdp6s53hI3XZmeusuXTzgYzT/DmS9O8FAFA=","sbqPkycB4Fq70pGg8KUbXgzjGNXo/Md6aceFk3TzARU=","J/rcsSImi5GoTT/whSafbOy97MQUPkSSClOzls5E/DI=","NMooowAVd1M1ixJ44F6voLtavVrYXL8LLqIIFRUQ3S4=","mfALHtDHTis25Nb/3EFUnlW5ZmSbE69c0T30gwQlsi8=","aaImQ1uO+uqTyOum7WHzVaZjTH+hz5MjZQxFa1+pP84=","l7OoW/8rliJapaB7xLa6whS/M7ioBdsn5414shZFnrQ=","kC2ZHGQ3QRxm5TZgXUobUK9kZ7YlkDlDQom5VUiCMR4=","vGWkiwIU7gPl6/Q1pmDqlpGCDm3Mj5VxMGzbI4jszIQ=","IpE0Rfqt5AhfzX8qy7nGLZfaE8wQ61Kuf7jwoa/rkOE=","nlBQ2d9LJgCd3APpoLC4OnECM5KeZxd83gJTB6k1G48=","u7h6Wyhjq32I8d56M65oURQpvsti2dyLhz0uAVZX6co=","qNWcQwCXeKqBylMK3lRnoVd4bQ9TvDAPHM8RsGeyeGg=","7A1zE5p1mj/WxCQXE+sFhI2W1SC3utZlFnHB4Xq0ImE=","JVbSqLm2LGW2x/nRR3Pwj+GqCS8dh6FbrERZ9/IbzBw=","dSfTGo+GKH6nbmXAARaM5gu1ajTYezQQIOXQcU89RGk=","PaGCbe1PFGsN5D4bvQjZMkScHtQG3Npogo2gkPhdG48=","rJlRs2mjEwUtJnM0Zqo9VE6Dtq03f1iRhuGUnD8Ky+M=","nR67ac6VY0u7GJl9qhoVJa5SZWDgLhvKnAegKa07LIE=","MZw9ntnnNwe6R7bCYoiGmjdKbcG+/lwC6bbVtharzPI=","xpjv4yxt+WFecXEuPXAm1YDeDBO/Sak/jGWXQR+AXXU=","ShFP4KcF4YyGYI/9QUYEz9wi83zXuyEBYGaglW12oq0="],"block_size":4096,"path":"sidebar.min.js"},{"block_hashes":["/y7I87XXUkE21RZXrAh7DESyvk5K7NeMKpkWnSoPQ60=","zcN68ai+mW7fNLNIY1IXHOf91WKVX6GqOZP6YO0pFz4=","TBh25wfmbGYUqpFIO4EDt5j0oLIB49cNTQeHE0iOsWc=","KwNhCt0P8OBEaIY7NTSlydfgeFNqYMNpMgdPsyoH5uU=","y/fJZvXpQTRQMrR7Tff52lGLTUk+lA7lefoidh1gFNE=","H1hK/YB8FKQVIjYA/mdmzkEhhy4WOMjh/Ctss85n6Qs="],"block_size":4096,"path":"styles/report-ext.css"},{"block_hashes":["Ec5HbWAfMbB1IxOoRMyEdf5xKflu6xJK4uzbyLKHzpE=","rsQ80QlOZthQZr4dCSBjsBwQp6jZpgG+949wkA2p06U=","vJJz6I1UpyMoS2Lq9TjAGi/JKrNwc8gx7Og0Xz4uAIo=","n/S/EaGCEnXt4VLldioa/8j0gfOwEoyvtgn9I/jGkjE=","m9TWB9vWvN64z6OXTsc+zrcGIu2olP464Gq/IPvHboA=","wOTBBvFd8jbRNnq0Bl2rsNYhNPvUBhEJZTtLlGjxbho="],"block_size":4096,"path":"styles/report.css"},{"block_hashes":["NqxYQid4RX8DzaZvO1xPO8OALx8mDjCf4ay5aIS4YA0=","W6PNrcDjKFvcSQUB9p+p+asatNJVW43pyZtHXAofKuQ=","Xle/Fx3MH0GrDa1tQXMpgiKXktR9MKhAf8XMJ6t/+yI=","klLOe+Pgp8NK96FRJ2wlOOuSyp3uOKQkVNbTJwkyw+Y=","kzq8PxvinOWaeb9NtdQ/6yh1kuBOh+tJgSIn33UJr2U=","I2Hrne0cbGwevarCoHPu2moV8fToe6jOjQ8XlkrJkhw=","eDisrV0pgzcBhxIKOJmbgAk5Aa3+b7Y9W6e7hqeHlMg=","fSy2aximylUP7dIS72Jf4HuNWU192i5ucGTqt4XEFiE=","NhwkbAcmsdZ2cZtJwM2G669AXKw5iLAGpZWH6JxVLgQ=","Dxxec1ZUmR15QAkiE+R3FPC106I79631L1iQzfLnNVY=","SzbiD22fwPsaK4ihPVXMpFdP3C+rkLw874/vXym5xB0=","kPfSPfQHupvO7dSENee4OzHKQghAweZNIZDz+pDAqGU=","SQmzxnWgw80+da3YE89788Ey9wGFQf7tVjWmOr8zIQE=","BU8RVn8nSOvIzNBEO2aICYmzwkx14pEPNsep3G9fGd0=","slQCq+JxYcnLxDwPnOqLcdeXdrWnRIUN3ajUEHtffTA=","jStY7ZKAC5BjaTD91JC0vCGUKdt6TfMKqj0zApJXwCE=","mdSgBLXAGCSaBqwi5aCGKfn/vjKgOR0uFtQtJKxG7gA=","JFuRri0pN9BE7BcvEZGfp6xdIpbE1bAPGZD4tqMe++I=","/6/vkUUQanXBPfbyHGbjhA39DR5MjkQxlJ5WGnk4yYI=","Cr4t3vlYUum0iihqwARC5mAnJ8YvvinmC7eENSQgTVs=","dSx8lytb9SsUwkSvwZTO31/3Wq8dg5b1TSl1ztNzPJU=","EewTYX/f/5YlmwM/EpZAVP6Ae7X76IBRQPw7qztGJA4=","D9fRqrS9iaHeefzYyz3f/zGnSuM/6x4Rk0MhbEvKQFg=","KNuoy9zKRlYX1N/J3gQOxEhru+Rym4vc5ng7hQXUyL4=","BXya2q+gpNF0X+fmcZEIcZitiAeVaA9t+WU+OSSCaZs=","mih4jGdcFZ5hknDDjqtulvHOLje3hQ1p9+XRk8Gp0tM=","afimKHFJsy3INM+DpRIDybnntF9Nuo60YfBENthlta8=","pFNigup5XBrGx2iFYRunzqkGkyyhREHrCBT6BLAi1Ns=","k3mJVWrp6qM0Qw+pLHfrzouwM/pEppbOyxa9vBbPzuk=","4QwIbIhU/AB1kavvbGdDEqGYHnH3ESJZoYwLVPI6EpU=","/skHN/A4/NrupzF6J41bNerwF19ubPOZzHXnhhb5Uac=","W3rYAZ6Gc1lmOI/y+sjqlMGn2gYgYij+kCgruc4JB2U=","PFzMtj7bfJJZ+37rav0s+I/Qa5KbFnug+OmymE/Kvbc=","4cQ6ZR2Iedv4Q3tYjdlFfirkfP4RJQ5UhhlD3vg5p0g=","AH9ynLmegDToUvA6zEltog2iYAY2xKqU2fBvKX2AFoQ=","UnrIW8y8GibgJcIgPi8gNZgMgzSbspTUU76isbmjXzs=","FI2O7eCrrd7SsWoMHvBSsftvrfTPk4TdHbGveHoroRc=","HjtsRkCUO4ejO9hZQkOHVEZfqpuGXmW6Qe0wXI67KCY=","CvPY3sYYxZ5JGIzNn2o1qq6J++WyXFHkVznUHEzeDsA=","DEs2y6eNhxr5NPnT8TK9mUjYdEmg90s0qKklFlo6hUo=","POBPYvZjKvyTqZx8vSxclrmXY2PeMUL1A3zOJf7VvFU=","VRYQD6zfrKyv3/cR5eejFr9bEWwHtNn6D9WLzlGKAWQ=","GdcnAu2d3mFxjxEx+NRKDkTyJZLuPpg4ya5RSEvvAPY=","w2ndAgCp4L/HocAghuXBT2L5x1gutvGBUGbylpU6Vzk=","m51SrEl25+haR65MdYjujO9QO9LLtnGjoRyZ+C/KG7k=","b4/MEU87LTM+ki5RrTDD1ghwthVrZkOnNEmdMwk5n2E=","nMSJnEGg22iD3BJsXG0hX18UCiu9RynBhhM3kcZ6370=","jo2vX6jcoEtRuDMT7BIYtF7oLyKH701RFLi8ua2qa3I=","K7G5aug1I+jL++uFEVG0gFo9DqGwPIwBdYRQOYMx1Eg=","2rnAj85+lazhLDBYulgXA3q4IBtmZRcYjDWF6geJWPs=","U4BzL35o52crwE3jAsdF227fenJ76MqgJIat6wbvAZs=","nw9SLbLhGRiMM7d3rLNc8ugG55IjqILjDdXJzfo7zbo=","YO3gOcs8ZhM6yYQXDKbJArYP+n3udUzACSU5pi14PWo=","JoVQBT2EUcJE3yFvg9JpHwTLGMyEZon/xllCFrBLcGk=","1jyRO12ZfnemVVBmLAL9ClKxgP6y2pvD9VCqGQJfJtY=","1ibo5BeDXLA84Zc2TihmDgu5LfnBXS/FFltp5Z0LGi8=","0tKlWUdfYd46WDqPHhq61TNLzl5KH6mmSY82MotwGd4=","NyNGqvJlCHTwDyepzSdak8vMzBCaQ9K7cZnsc9qLXXU=","6zG5PqiaXWWKtylrR4xkN2FaTFV6tk7f70LyVAP68P4=","TudTVAazTeiU30qApHpgeZ8Y6/XyU6hR7LBe6lYFoKY=","zzFRw9wR7vgNTu+N0XGHwdHEvX4GTyCa9cKiWXldlvY=","XVlpp+lub4CUIdBHSr5IRFWN4b+2XHqJE6gbMEbcalM=","iu2/GasZfixyYiOEQ1djtRXZnbyl2ikEw/kyzEHnUcw=","glDPhls1yylylSTNEtrYwdP8jQDiVpMUXrl7Glxdm0A=","Rf9efyJO8xv05AVAfiDPYPT+LHZPVO9b+uTDYqAqhc8=","AMuGQ6tDMaA+OA1wcTjv4U7FX4KD5tBYyHQyEbJVoQ0=","5vDs/bE1zc7HLrevM2vYPM2pNUbT9WdaaeT1krypmdQ=","7UXR3GhmFHAc8Twt4WoiPknUWCu9mFvj7Y0zq3AdL7E=","l6rFlLrpCuGnYdwqYqR8MlvNDVnysv/e6U1T5hJBcPs=","riWnumOjr3LrcvRrrF2fY+ciJBQ+nsw956dl9Xu/YWs=","QPjNyTgx0fTk4DgGSnrxk0lChF1dNF9Z+Ca14pSe/5o=","ZmYJ8A1wT6KzJLZEDBZFGI/k4Brmdd3RAzQXuR6Mxl0=","hcvhWUG9RVIHO2ZjMMGAi5hK2RcBj2DptwKwWLKY4aE=","XjWxgtk8FNRGj5BNX+BbxM/qBfOkiyyfCY/KbIxaxtA=","pX3L74GZpu6+9JpfEea/qqn51n1Gfknm091AYd2Q/uQ=","BnWCuKPWFLBqmgzyoW/zlFueY1bUfu0OVDtyrhMZRms=","i82K9hZm9JbZKU/G9HsqdbP6HWVn/dkYSWo/cvynRVo=","+mhy5nH10oso9REywltX5+6WepbILqv7K4u0EeefnHY=","lkPpalrO4M8TDX4rj+VzjTW53B+EQf2Sbv/Tag4KC54=","dbMZebKOFUr5p2TpneN4oBBoGbvETPrClRBtzJx63Sc=","t8nqRWbhOsvzPLuMJhyu6wH7g2NnTXjK5ErMX6m3qhQ=","T2BSCju7yX7vN9yhWvXhbwdLh10mBoArm8a2+tP2uIY=","Zeu6qBdiyG6c9uRA/0WkttsTDgUyaB6ayAEsb/pmcyo="],"block_size":4096,"path":"wave.min.js"}],"version":2}