{"file_hashes":[{"block_hashes":["8DUdS+JNK1g3nfpvzC5sOful+tQ2Rq60o7cl0aXkevo="],"block_size":4096,"path":"css/content.css"},{"block_hashes":["szEiFwG83fSQytl/4Hz4N4HYy8rAv17/9bWwkbXFFgY=","u6kpBRL/OjvlqFj8384ozUT+O4+WZLU+3hmcRF2uAh0=","LSajXbyWhPEDh1OaDdYpy1TxiL18nLY+s2sLlWjLU6I=","c0Z6Kji5vrhk8BvfiHnjpiRGlmYF5qEVLV/uf7DZklA=","ef5kfz2O7E2fYXnycd7G/yxxdc3daI62M5HKonS669c="],"block_size":4096,"path":"js/background.js"},{"block_hashes":["+MfVuJ4dOBbUoDZhcQV7idaZFrByBNnP5ni2V9PTBAY=","v4xgoux7tnDJFzgoewl07roaphsTcITJtwyNvIo/kKU=","G+8bVkcDI0vuixI8g+mtQyYhrxIcZSIr+oPmZwOjT/w=","Vo37yO/uYH7hgPqhZO1etdM37X7WWKA8sG+ZSu9Pwmo=","Esjd9+7n1y0ioga/1CrSAJhTMkgjNErpvxFlT36K6Hw="],"block_size":4096,"path":"js/content.js"}],"version":2}