{"file_hashes":[{"block_hashes":["eMQ9NtqDchIcNXVUecJ0HkXlCT9Nm/QCS9t55k+fBgg=","Tc7rMcyTNATjp3ah/KlnMSvZ+yA2OxH8F/686jHiAgs="],"block_size":4096,"path":"_locales/af/messages.json"},{"block_hashes":["EjW0Tr9bY3M7HpqTB55ZqgrJ7XBTht2bVEMGAJ3I7Ug=","wprOmG7uA9Pof3rz1YbwT8wt9qq5qpGDxozSoY3Vfv0=","LHmHqvfRPx0y3Vd/zw0W4zSnjEkCUZjEMqSev509uWw=","2yStnWaE9lUvGuhnHKwrtcB7YN0NNiYpmrY8Ccp312Q=","EugMCqxm96f2fzmKdboapVXCjAWINzMKA8s0LYg/NxI=","YorYn9eO7kThcm3DtgVlYoCCKlOFX5elsYVDCKHUEWk="],"block_size":4096,"path":"_locales/as/messages.json"},{"block_hashes":["Ca96MKgAAtzff6vEPEusi/R1TEGZW5GuyAsF9bnIrPI="],"block_size":4096,"path":"_locales/ast/messages.json"},{"block_hashes":["SKFblE8QXuCMLTO4g3Sf3hF986KvSHTG8wDoGrzsA5I=","4/v2yeVk69pJJ8IJrA82Nlchhr2xpFBZF5TAg7Pk5t8="],"block_size":4096,"path":"_locales/az/messages.json"},{"block_hashes":["VNCpQ2gQufC8wEbk7akVSN+lILjO6rWeoH1pNGzcmx0=","vi+ItvU/6k2VMy5sinqR1h6p7gN6bNJlSmbHBKG/tos=","DmmeapEBu2owc2YZzIgZBvuJxxC4wF/dw4g3ZwgpJiU=","oU/DfYlxb6aYuMjMioqGEbFHb8Ptme+8xqy3CNKg8UM=","R7gEFiEHmEsvj5F7GQWRLRkGHyZCYQilz0lOCAuAaaQ=","tgj9RjM8C6tGCeaIUj93t0LF1TkOZ5I6/LnedRSiKmQ=","jg7vbWZ7NMdE+23uIs3NYLH7JRcMN5SnJtxS1FD5/tY=","0UCGBkbU6A1iKfSAnraFq6XEkNQK/ChL1SScsiG9D/s=","Uwhuy648TNfA7eariA7k564zGv1yZWw1pRzjvi+Ydqc="],"block_size":4096,"path":"_locales/be/messages.json"},{"block_hashes":["32uZkmdkWE39odFYjSq6g0HeftPvKRIW9/sfHbRu2Bk="],"block_size":4096,"path":"_locales/br/messages.json"},{"block_hashes":["AMCsFKcIdzNMIdcY4WO+wnjMEjC3v2TWRc5malY3jKs="],"block_size":4096,"path":"_locales/bs/messages.json"},{"block_hashes":["rUMJ5FS5LTDX8JWv8s2lEqeS3Fz2XXwcNnkcRaVfrpU=","/6agYNEdy7TTOx4gNfBI4hKPg+fVUuAlzgIEY1LK5II="],"block_size":4096,"path":"_locales/cy/messages.json"},{"block_hashes":["cIDPYergY9q7hj806uU7zI4fl/YwZ/pD10Omjs8xpc4=","gYgFVkN7JPSpyHTZUW8jDK0khLfWs1totskTAex/SwM="],"block_size":4096,"path":"_locales/dsb/messages.json"},{"block_hashes":["jwdqYVbk7cefMhNllQVu0Bg54HFp8CDAj+ejMKOu4ao=","HQNVqVtKOpFFTxeIThfjWeMSzqcEcbilr0H3FCEvn3o=","VXTX57hsy8gZde6X8/v4chhVdNox2CPEvLTdMWBzUQc="],"block_size":4096,"path":"_locales/eu/messages.json"},{"block_hashes":["ERlVlfc1oyfdNquivADuZmEA64U8ol7flel8Pm63Dvg=","3YLkOKh1kzhgxEfIonZP/ogbGD2IOfjsLKNxBBN8TE4=","2/+buOCL+L2eifhCc+VyHmy4FZAhD1vFNDBovZADRiw=","8EE100TZJkRLQRTbZnjRrPHjb2LCIVkt2WFB3KOBMJY=","qKipgcqqpw27tMbBYykpXLr6eQIdr9tckLKQhKazlKM=","jRK+cEGFhaJNSZnTJ3oJMhIOnz2mLXK4N3UPwJ+eGOs=","/dGl15nznNBKiXTskXQFVcso7w+BmTG5pkL5j7vbdds="],"block_size":4096,"path":"_locales/fy/messages.json"},{"block_hashes":["53+pMVVXeiLv1Fhnq/Itid4+pYCWHudLJOJ8XPaC7X8=","m+41ntVYp2JbUPBe7BV/wf/rPLCQWwjNEclh8F8rswM="],"block_size":4096,"path":"_locales/gl/messages.json"},{"block_hashes":["GKZl5PFN8/DXyW/4nZByQFOAR2dI+IhopGsZ6O0Rt+8=","yQe9Ybb8IwipCjJ86oU9m7OMcgCl7nmIgtdChM/Elkc="],"block_size":4096,"path":"_locales/hsb/messages.json"},{"block_hashes":["f240CmFVpTkMloT3ItzU1FnXbEPZ+2hPk6AYGexUQfI=","4cx4U1Ki8vkwXU3pE9El9WDGGn5GmnYL1A3cW5mhlXA="],"block_size":4096,"path":"_locales/hy/messages.json"},{"block_hashes":["uG7doL90MKJmGrDOh6S5kncKCdaL/enaV4HW+yBZ+vg=","ckQZbx2hRfXd0O35Mw6t5BEbxZtMH8mn8Wei90lAp4o="],"block_size":4096,"path":"_locales/is/messages.json"},{"block_hashes":["MOxLIPSnyO9FrdFAwE/hGNIMLjA5mT7ckwDxCYk1v+0=","+ETp2arpZnxmSWTifHRIKbr9PvomCkIqGoxTRLmD8EM=","4UGXfWn0j7mPG5O/gvbDh7wekMtPPqn2J4F8Vg4Kvio=","KGdrvM4fONV9seiBLuXNvmWyqhO9HWARUGak0wWKvQI=","j6io7hgCIoUu9683KWOoI5YIE7x/BWciklvCFvpA+QQ=","0fRRF/0LGeZxKLrERQRXF4h/TZ2a8Dr/po8EtPctXpo=","93uziDiMbX8QPHTB4Hz3uAXBEoyj0EGQDrEtOAJ7zgQ=","kEokTRHbqdB8SvO2snV7dAd05Je8wy0r24PWKSj+Eac=","2m4+Nr6YNJh1AD3QdQwEmcmjkSnZHbSIUVc5l+mL/uM=","bCupMnxI8f6yuu5nc3ddv/yBqGSwZV6LLwOs96Jc3U4=","2HXHQZ2NnH9updPrMDP/c89ylflLWHxVn5f6TCqsGr0="],"block_size":4096,"path":"_locales/ka/messages.json"},{"block_hashes":["FB4uElR41fJ9M3/F40CUlR5WBFva6LaOTAU1KP03BfA=","yhkLkI8PAxR647f/ORN2Ex36o7X9rUKsXM3cwrmwPFg=","hxeo/d/D35SKaIy5jhk2F4TcuT1ChGFih9uUXzTu2Ng="],"block_size":4096,"path":"_locales/kab/messages.json"},{"block_hashes":["M2UfnxpoJkb1hNHSPHD0Y5IeUM11Sl9Tc/3eqU8hI10=","x1SXfEOmjiwHphHc505fiQo4Hsk0RmMlrqvc7PhLjPw="],"block_size":4096,"path":"_locales/kk/messages.json"},{"block_hashes":["4+h794k1pa7Au6Zopvx0C0XHplPfXZRAsjLlZl8uewc="],"block_size":4096,"path":"_locales/mg/messages.json"},{"block_hashes":["Hlw+RHB45hdS/u/MqlLhpzXA/X9m7686vQ8hAyAKBuc="],"block_size":4096,"path":"_locales/mk/messages.json"},{"block_hashes":["3yeA2nrtzaC7KD5WuhmJRI1xoj720hJ0ywbJUWPXVUo="],"block_size":4096,"path":"_locales/nn/messages.json"},{"block_hashes":["bF265+7ChyQYohsGm/cirKJzE6NuqxxewBYA4WRXHyc="],"block_size":4096,"path":"_locales/rm/messages.json"},{"block_hashes":["LD2Nx7SXF10R0OqNxyqdpxuKyaUWrnGc46JUmjCS5F8="],"block_size":4096,"path":"_locales/si/messages.json"},{"block_hashes":["HX+9xUJYPhhAm9Xj/UpRvorqUTTKi1DfbLnLJxEFgPU=","hgRCkdP+IzFFfLhYRE3vtaTD8USHQRvTrZLsNZhdAhM="],"block_size":4096,"path":"_locales/sq/messages.json"},{"block_hashes":["qrNJyqh9JuusW6lZ94NcGLATZpKiCRfsbMlvWydOaAQ="],"block_size":4096,"path":"_locales/ur/messages.json"},{"block_hashes":["tJXfGMGhCwBaYRu09Bjc7nYtUTtwtHsqmbEGbb9lDH4="],"block_size":4096,"path":"_locales/uz/messages.json"},{"block_hashes":["mEeLp6WK2L6oYzV+jzke8JTjCGuJmZXt16N+JSzK9NE="],"block_size":4096,"path":"common.js"},{"block_hashes":["Nm6h2BA/lC4uG4NGFxEEoLGtuIbWsr3lCgvTicvFStk="],"block_size":4096,"path":"composer.html"},{"block_hashes":["FlrR2zOypeQ7NMOJf4NaHc5iG9whVDtd98RVaaqdP6c="],"block_size":4096,"path":"composer.js"},{"block_hashes":["hlwjHTEVl4G6QzwwfmsXM5Ij8PgKm6cAW7ydOhk/8A4="],"block_size":4096,"path":"data/languages.json"},{"block_hashes":["Im14aTQ3PRARHxhWQlc9yTACOWPjzx7OcNMpG6Zz9OQ=","x3xWS+A0g59bly575Hwz5NntTR7JH2UaSrlB+F9nF+k=","620YmO+osoUpXwNuPV9obZZE+IvR3BMyaZVVpVPoAcM=","Sn+nKiFEN/BEhm4JK/2WdyiTKSFvzxW9e82fGsNd320=","W0+sVOUabz6W2SNbzZtmJg3zGQATqaToBq2PRr7lOc4="],"block_size":4096,"path":"desktop-options.html"},{"block_hashes":["4NcRI+6XNoOb65355mZu1QJrNk/nk5CMelFc8qKLpEU=","/mMkJm/jSBls42k4AaPenwt8Xe4IVhLEHm3w8DNnxy0=","tPdWJ93AxLZ6Hn3RrWeFcWkC1B3xN3juMay/YEsQqOY=","FLp+88NHqHCg7Jr+2mPVUuSQOB0+kbt5JXWqgvgC6wE=","FXsjgWBhchyAxd6eWNRWc2hOHlvy1RW1/+lzp3uZ9i8=","4GWKXhblCU+nzPzr71t5BvK56xIRfgPgCuXce/VuOzI=","Bgpa0x7an7t/paqGR5tP+GABVu8kFdaifJnEvtAMaDs=","uOaLbHuoM8LziylwjyM7ivbFyROz7o75tEesf0z2hbo=","HzHPKef7wSB+jm6Xjhbg4iEAy0LwYFYJEgWpnUyleZY=","Z4BYYFXkjgTZt4BY6DnwEX/XddmC2Jhsn3WqjcEbTvM=","q1KZy3OzPfjCZZgIV1h2GrgyPlC3Td2pTVtEE1GDfug=","gFpQK/6IIhthlg/d8Cma7BebcErZfbIV6Jl2Uzf/aFo=","u5pDoRXEi97c2AqXGPsx6Z8fvbELQ3Qip2Nur4TAGYo=","vP0VdRIunVtljpMcSMWOBslqr8cv81vKrXbTyBf5Cw8=","GfTcf00F3wG6FHE7qNe+dwsRkiAmuuqggDrKuPGe1ec=","xP4HCH3TW7UFkCR/bvr/0tg4MIX/MPbTKBddJpsBR2o=","X94hjRS+XS919+WQ/tIBU012EPMhV8Cz43L4FKjameI=","+rZ4E55LKQDcMio5fpXOSxFphEkRCLqu5LRih2NQJsw=","p+TPhy1X/kG8fQ3tMv7jX5P6Lkep3x3qN4T7IAlJsFc=","xXEjEptcvTFd/lh9rGR5pMTofu5GkZ65Gj3rOdK6cT8=","2vMwukxjhQVZj1Ljj+fX31qvR04r7NEsiw0QJaqGdPw=","gDnoZ58U77xIFELuURm5fcgJLZfAP2MD9ZtDvpAna+0=","AEWA0yU0yd9kW4gTdRfS7X9ArGiDHRWiUEGcG+fRvCI=","OR62L8Tx25yMD0zpqklqpjadsD+JvCLgHAa08oHvNSU=","fb32d8rUA4ajtXUR2IvrJdON5m+Zj2owVTrfckI7Pog=","7omR+zzA+UT7L1SP5QA54D3MRMt4vpxKEsp1wS6dcbU=","pwnUMEdg36JNGGNMrPDfzEueXpQTjkfEA6v9EDj7wzE=","t/fTSA/s75wOGizlw+JVCUq+rZ8pHeSN6ZPTZZCwUrs=","2GXpcy8xNgz9tD7g9uIbvbirsmrguJ3c6gN2oH/A5Y4=","o3o7A4/7U6pw0U6Qsyuc4YcYqHUmDItJNhgjLpBtabs=","0aKVsy3zwp5cxPjIhB31jiAZzetXGep24R/4wnexB9U=","A3/gR6jGhWaLjqsifQnSVeyilIhCaKs3oH7MT/i43u4=","lbY3GGv+4hoD/kyAD9vuDDBcbI63wpMMlxDRnpfA244=","t7ER3Q6BVUGVx2jn/SAyPe6dcaXzZ7OnirTufQ1t+rE=","k/QIsNAW12CRw6s5M/z5gUdkvXeL5di/aDwNRl4qx7A=","WTfDF6U81iQwBr2gXm7r1r5DzM22uS/26wPouV0FC1w=","c1TApN5WyFi14Nz8CqOgLAuVEFqaGbTwKSjSwpjXGCg=","1+GnCKewQnrOr8CJ/l1rivxNtjiOHuaa5HwZjn3PbMM=","qVCQmnfCXgcK8BrQbwPW6YpHdIpS99dRg4NA9fFBu1w=","JYFhY4ysf56iUMI3qAEq7pLeQmk60xL151lz++o9fh8=","WLeIvGswbU9sJEw4SXC/0xtQWX0Xr//KSco95qK88h8=","fZ4+ESYsMb28+9O7xNcqGsTWCjMd03F64R99vjpHMtw=","G6LUV8zqQXvvDHIZdvHdBF0c7MuD2mj6Ck3SlafGRRw=","Xe9dxb871YX2Z9EasTzkqKGKkz6vfAvXwJT4j88CpRI=","vSDSsDQiICyd/Sbo4BiL5hjhL/ECT1JehWSfOPe7098=","ePdbY4wsT1Q1SQ1xJpui76YevY8d0hnEOuCF1xHLVes=","Xe94ai4cHWu9SmXAQUAqUCY+rL21667kGk7jcS/OH2Q=","Xef3fb6zDCpayThHMmQ2aKFdjW3/W+4HnoZTY5+6JYo=","8UxM9sWXE9emSLljOBi7TybrB9Zd0CDAS7mCMODIpo8=","Y3Ny1oXHPkMDbYlytII46JpsGuGW1zKEvcWZr4z4eao=","fJkAfa8YejirhjK9U8ZC3zVlwXipNHg0WU/1VBaOuFk=","qPfK7OEunUGBM5rnPXiYWrE1YTumihXODp6GAaBjx2I=","BC7uRdKFfqQMcowUnoVVa3P1EEJCoYDdXAF/YvMV9kU=","/TKJ2cIX/IQG9kXuk+rpHGiZcLRXzpJvvpKfjM86o8c=","898pprfoQPpMcWJFfB3FXNyI2MTKVY2ZJN2myzbgzKQ=","K2vP7pl89EGQpGdMmZUJIJEFrOgIW1FPY7GSrkjRoqU=","h0uqJsqVBE4AX905mD2LdgguXLlhklteBxLdVSOQ0jc="],"block_size":4096,"path":"desktop-options.js"},{"block_hashes":["hDiU8OcagQxzoF15h/YD0wh9XD+NC//I+APuC16H5dI="],"block_size":4096,"path":"devtools-panel.html"},{"block_hashes":["HTpsawq1vnDno0X7hznm9OqhkXSYUvbBPrUzEOMsarQ=","dqWIJvUFJeMFO6gaPFOHKUy9prgCl95SUa38srleVCw="],"block_size":4096,"path":"devtools-panel.js"},{"block_hashes":["thpjQhw+kHHAwM14aS2L+QGTqyuSXJzklBdLTAeLUgI="],"block_size":4096,"path":"devtools.html"},{"block_hashes":["LRoi0Xf7qKSvzfcuU/uuWFLxxvE1iHMRgqYjPgFfbjk="],"block_size":4096,"path":"devtools.js"},{"block_hashes":["uelnjoTdIO5K50LNFTUmLsRCs5InAAMQ2EcUFzfLZ0Q=","iLQqHaxswBQbcg1ipPbY3IWM33WGGdqe57CGw/ePi6A=","NoY5xRx4B3SxiXHiTDOp/rHnzi/Q5MeqP3fS7MalPAs=","GwFDurQii+MxJBHqjB0UNqtdA2+DevgDsFhCVQOwIHA=","+lHXavBu8IPeEd/JqBfLcCkJVl56chYokRW7pAFBwMs="],"block_size":4096,"path":"ext/background.js"},{"block_hashes":["vQCa+YMVnswBnLKy+3+pN+jvNWL28mdslWB329hutSE="],"block_size":4096,"path":"ext/common.js"},{"block_hashes":["wntTnBHagrKJvQIyM1AsYe1Obg0J3E34mM8vi8TPVNc="],"block_size":4096,"path":"ext/content.js"},{"block_hashes":["d1Q0rILct8f4XgFPcaN81QABgizT7SZYNHANdzFG7p4="],"block_size":4096,"path":"ext/devtools.js"},{"block_hashes":["VkQJ22B098Zvwuf1q3D1KTyBYIW4ddPGomTYfRi4JIs=","bw6l01vvhTF4VxRBpRe4Ge4GP4TdMnCiOOum0iK7T/M="],"block_size":4096,"path":"first-run.html"},{"block_hashes":["vhf2A9Yp0RMVWbin3E+cFZOWFH4sf1+RGrvshp2ID1w=","kRb2dnErhcXW9COjcIQ1/fEEOYp6Aeip0OCQA1zVOM0="],"block_size":4096,"path":"first-run.js"},{"block_hashes":["i1yAj3AUIqxkhmj4ivAhz3NpOx8khb6N/5N4Ului4Pk=","11D6YxjaCANus1ThfgpPVIZR2kBMiCTlnoYc/ynqwrQ="],"block_size":4096,"path":"i18n.js"},{"block_hashes":["L2OHH2kJcWVj+6n6jfN53Y2NNQ+iquR4nCH615EcR2o="],"block_size":4096,"path":"icons/abp-16-notification-critical.png"},{"block_hashes":["VwuBTPHEyT/He3Y52A+/YY66HiJwp2Kdy/FHdxlW66A="],"block_size":4096,"path":"icons/abp-16-notification-information.png"},{"block_hashes":["qA9Ng+q6RPEzbtyhWTukWKMf/7SmApjIzjv9bdJsE0Y="],"block_size":4096,"path":"icons/abp-16-whitelisted.png"},{"block_hashes":["GRbYdaahtr1UGiN/n0jV7+VIuU9eN5+U1FyUSm8VQAA="],"block_size":4096,"path":"icons/abp-20-notification-critical.png"},{"block_hashes":["7tGUOFe0hq5bO/0SGiGFP3KWX8KU+ndr06mmym39Ch0="],"block_size":4096,"path":"icons/abp-20-notification-information.png"},{"block_hashes":["pyt57uCbycF/2xKKOQaD9P7FMrZsk8v++3yRXpAXtOM="],"block_size":4096,"path":"icons/abp-20-whitelisted.png"},{"block_hashes":["pkEhSh5BXmvdx9WNSPdnT+r2QPD1ZNQMpQxRxqCAveY="],"block_size":4096,"path":"icons/abp-32-notification-critical.png"},{"block_hashes":["QTEAHK4o17wHTEP/N0TY/IGQh7NopBcjbi2hKDtVpOI="],"block_size":4096,"path":"icons/abp-32-notification-information.png"},{"block_hashes":["feKSgvURDiZko76Prbw2zG6jl4Cj8SnFDyZ7DGpAvVA="],"block_size":4096,"path":"icons/abp-32-whitelisted.png"},{"block_hashes":["U+flMCJLKpf6U3cdT87Q2xoDlwpmv5sKTB85NeetMF8="],"block_size":4096,"path":"icons/abp-40-notification-critical.png"},{"block_hashes":["CQrvdQzEmvTJcL1zYbfkVnm/kGmTCIPfJumggXMI9jY="],"block_size":4096,"path":"icons/abp-40-notification-information.png"},{"block_hashes":["AIWnn34tn4GpNblmvyYW7Q8DPKFp+8ShksSp7Ye25cA="],"block_size":4096,"path":"icons/abp-40-whitelisted.png"},{"block_hashes":["TGmFeC9o7J6YE5kb0iByhDGQNHItQ/E5P8FvE9uFkGo=","Etd87Aa/+O9qp1Po5xFSsaFo+yIVzwCwjVB6nOGVFSQ=","4Z044xLb+mX9Q7O9E9y+3l8y3WIXJ5ncOU1SGVx2Rq4=","hxATGinZcq0psSFssAvWI2qPxGBXldH/xMR1XzTu3G0=","OGteYLG5BB605L7dGPliuXeQ1p1kszdvWsuhNPsVSww=","wKEmNMrKd1bQmf9HJXK1pVVkMrG+ZuOJqICdnq24Ye4="],"block_size":4096,"path":"include.postload.js"},{"block_hashes":["jDXABFz4MGcie8Jvyykh5Hfja0bc0tzJiUvsyBOIXj0=","+DQVjvKpNYCKK4os/1VaXqX6po+lAzx6zMsQp8HoDgU=","e9o9/vQYewoooWl39fe7fds0KD1XFHkc41WXk2fQmsE=","hHYF9Rqt2IZ47cGsjgpQ1F74A90G2Aj1xGcM7yILtiM=","a9dHHprxcjNap22v9lr9D8tYoxjBoA5bSIwKDspTPtQ=","N0F0IujWSO9xzF/ThNMIAZSOsYZ26Qc7Zv084nEgyeo=","9+Y2aw4o4cUwl7yDKKOcNsoKJ0/XzeQR9KU2Bt1LJpU="],"block_size":4096,"path":"include.postload.js.map"},{"block_hashes":["v8LcDhBwktOogfCghqAGYA6OAkFFuQG1UugDjQ2Mf50=","4d29VXp89pT0oX3PrDjJSUJ+CJ2fzuu8mvfD9Gmjy5Q=","5A5Z60LrJPEaUXA/ZIFUxITagg3fEFN2o5B1AmhBYok=","HL5tCwFSwgLBxwXqaqULweHC2rSKkgdPW6+o0U0n6LY=","PPgUvEObBLvXbXMh/tCket2SG4pQaLUKy1OXZI7AJJ0=","4prK+Hb9NMB32ETqkNR5rH81k2nVDVgERVDU7Eg+rL8=","ie50Klp3X0nRdzS+wMAP5CB/THipQrYCLlhEWlOPz8E=","Cz6PNYc17dbm8N4ZuSUEn0afm+GqMveOzx/puu8DuwM=","Z/Zz2ap4PsPb2hkc+fLdyPKigYORik4kAosLLMcKbnw=","CJUIjZ744o3bLAVc2rDH/zS0aOt1hFnbZqX2AMH8VZ4=","2VMZqgddoaf6nmnbFCarL/YaABBaKNAKanr4REw8STM=","B+FVR2lEFdJlRUMJ/Z0GPfbmwrlwB9kF+y6vcDYwLW0=","NXob2SD+tOpruJ2TpsPWm6fzj0X4AT3b5bafi2dcE14=","xNrjxJ7TR+PWAJdA9kRBgnCBqvfTV4lQ5xC2lL6U9QY=","pGY0gGVCjJw8tM6R3q9mK8Nn9PjgH7orucCNLX5v64o=","lvF2srkyh1e5RYxva94EvXGcua+Yk01oeY63G1kWDDo="],"block_size":4096,"path":"include.preload.js"},{"block_hashes":["WV6KBanjvlJc9QIPlr0CRP57AtC2APig1+xRaREMTEE=","NG1Cddo9/N9HAmXILCyajveP4/FPdRi2TXe9F7F4t6Q=","skBArxm824QPTF1mtVMC94rboo/j3K5eIoxctxiknEM=","eK+V6JXfJ9wguu7WjA2xDdGWzuGW2I+wovqoalvmXgs=","xd3nMNmJ9fWAoxqr7/d/fqNrTLha6r/novoTUTh9sho=","4YMMPAU2Sh10OjZfHbEEAYkAMeRhJO72d0pH5J++8hU=","D0lk6jbdWxldGLU7vIx3SX/2IKbHoFMlb0VYoRAMME0=","ETDa61dlQhBfUo2E63wuA0wCMTpa6SGCAB1bGZMTonk=","8FMC3jFpz1hj3i009525yg2jMUaouyrCGzQi25ecXVA=","v/DiLXIiT/qC2XrkYayTugOfB1gI0ivPoTaBWCHege8=","d9/ZxAPCIenc1r0wD98GQGra2BuPJVp7vR+tpIpLw4Y=","Rnqmdvl8sRnvRrxZlRwnyG8U1R3T3OAfsVY1eMjpo3U=","oe4HyzY/RaUVnPYoUZaBe3aJlrNUtG0Ap6vSE674NYY=","eAzKDzADlV3awLK02E0JtpWTfgimvTVwQuK8j+RKljs=","WQe2qzgIl3ps2JNbdIy6oTgpvz7F+L8OiAHx6nqrd1s=","VQgqZSDuiwLava7ZNSSmfZ/fCg2eAWrru8DwMRCRVUc=","JkXRcjAtkR8/zg8RLqdaY3NWwN4Z1I3tQi9t/alXsok=","SMUdNGfgD9U++eQHhDY9Fr1FkrWjr5Nw3jNzpMTqcyA=","+L0P7XXl6L7witbfxoHdR6I2xEWvOCDMsOoS8xiK2nk="],"block_size":4096,"path":"include.preload.js.map"},{"block_hashes":["uwSf73zkT0QR285YOx5K6BiyL9t7BcqwkIb9pwnZnho=","sDLaA3Ey9FvQYrozt9s4wsvTa8I43IE95POnilJTCic="],"block_size":4096,"path":"issue-reporter.html"},{"block_hashes":["7yKv2/an0zNMDLxnMK1SqMX2wXihRfCwtFRIIh2PFyM=","4r0R50eP2pCqSrkoSZRNTVovjPPiw+qEWm3m2lezxY0=","pnT2bMN4N8t244WuTW0oVBI1AfU+M+6zsmCv5bSuUXc=","5inAMp7sHnqCBNulF5YypfHw4Z1S8Y+XfcC8FtAH6H4=","ANPHSs0QdD+7BilEC0z6Si2q2cNychFujH6qP1oeoKI=","IgDPqRp4a5Kq6/yrbQck0bKRZzjapRvtHnwHwF5cMv4=","TCjJ+B8RWyn3j1XD4rVpn/6d8UbNncgB4PdkvvMZk3Y=","okCkQceid9BOhPIDFXR1X/zWFX/cAcqdxWXaKdemSIg=","1Oy0SG3swg7ZmHlUiP+YDqUBhSqgS1By5CTjoB9xOjY=","1ERDBDyIIUPMDjDSVn3oAQFTdEOPc6Cwq1tK3EJg4c0=","VvikizwtY/n0snQhQpvkUejKYTn46xTXs4k+QVS8ONQ=","Vt4gtUCWXh0Lv93ujfdr9/BLUGtPycaduvtcrCOm+SI=","yvoEVIFrJPawqzz52C/NAFO6gaxCAEa5ubI4o0YjsmY=","a5cUiLlTJwWQnK+xCOxqbCjYDXjEcl1n4SPwgFzD3Hg=","0E/vRErK8nYZE2Emv4c2DdmLGCm3ghmbmz9PBaaBSN8=","7Eo5X2EPEkR1FmPPaE3lHqz4IcJxC4+pKSdL3AAVAV8=","ItDJfr1HlJ9AxVlX/J1k67dDErb6GQKPfFi1iTP2eiY=","nW/x2tnlJ1KIy6nwHwkqAeTFV5j/PzjlTw5eVPP4fQU=","PnuELZhA4WzAJST42+C5sSLpCL+PgKKvhn/+2eZF5Os=","n2juZd0ohgi3p+LpKL3COJmcqBGeK4AesQ03jwBOxO4=","KNqc6gYgjxmR3EYIlPiJrdHLvjOG+pLlV4cvJjtkxVg=","3iKUu5xQB8ZxlI60L+CRyFoMG/1qkOTJaU8bFPgrmac=","t4kADUYZ7Z4lC3SILDOzfvQQdTwyCNRMzn8aClME3+I=","MPNlwzjSd+X/5wvrv+gUENkjB/Z19JV4tCCfdQLI/r8=","AkdjgugJ+2ZZZvg8u95f+Yh9LD7QXpsRxY98SrdoExs=","szv42IPj5QkgBFHmV3eJOXbG+J2rMd+Nx/5/0G4sZag=","tTlb3OjyQd30bnLs1Ora/obSYPZSkwUq/XwJA2nKhkQ=","O0F6sZn8dWjXcHCPbnl5RxNIGVGnk7NA4BtONqoysyc=","gD6y4i/t+mGEbjJax3U7CTl1ihb/2QjFYYks70IZYSM=","3IVXvjBXtE2spsNAvmsrLKvC5amHBLI7VphHf0ngUn8=","oBo/xQ6o5y7Anfd1wh7WWP4fa2q1EK/pMsFOs2rU9HU=","YD6zdPMt9dwfdd7Gl8qxYhHiKaTO+aKZo/LnB7luufs=","0Lt5QfMs5Hcxvn/AxkEiiC4SiavTsNlP4K0j6Nu+zfc=","Kc/FVgFRs4doQlt+AcLveGajK1hcKWuCoCeYnuoaE6w=","UM0kIBAkpdMefVnaVRm2YyHpUgT5UeAC9kvaITdWVY4=","BGRLmeVl3Lxbtv/FQHJgIF62e469q/oedAYrgzJekMw=","5sOE1KknuH+tLSFkogXRw187dY2cYFXQPgIdBt92Pig=","0wg5FWp2HwEgHpBborlCZ1TKu/rOlfc6g01gk/vQ+No=","RpQq/zuhtW9hU8la33Av2BLzjHl4soXoCfvjjAAvE0k=","WVwi8cV6vrKdawsm2JrDSWChRcLk1KKl/Rf7jbdshnk=","2DzoecwoT0/DFEP3wt8r598damktR299BJsz019U7EU=","I6IANXZx5DO46OY5eV0Hf2bvyCBv9FZFk/O+80mEpt4=","C9zbR/6NZvjKWLF93c0XXeUy9/zZF95f/jNfloTex34="],"block_size":4096,"path":"issue-reporter.js"},{"block_hashes":["YVmZ+fmF67kdYffuEE4HDF1EEdtgPlWVkX4FZDhVk/U=","ACtnWdIwvLjSyQH6/HFmwDvhsB3olE4s9eEbFlj0/z4=","bBslz2gaZzCFNg0WJvOgN4jA5vMUMwn4Q4vv0owKeCg=","6zSFNc7RKJgOtWJv45+adJFBl6yczpPE09W0CvYk09g=","w/MN+WuvulmOBRmShOCuSak2r2zvyTDl1GQAS7CKuuI=","jO6rO6sTW3biedpHxT6Z5YGMF3LMd8YoSHCUu0EBJfc=","O6o290r9ngicLRHUQzfRR6o0rQ15BWehDfSpPvfeCp4=","BINvV/mXOeDtdoOqxkjBslDiZCojePixJ/epxdJmWpI=","ZHsN14KUSTmEp7CVcEyACvNlwR0C73YZ8CacXbYw4aw=","+4gBQIkwR6lrAu8pN88xQsaTWN2akuA+dMZ9QiC2DMU=","2mL1lJBZMlDgEEhtgPMNmqo6CrdrVnkycB/hWa0jRas=","1nOkmCW56KBeNTPDEsV2if+lS9rJUYj9iyuS8hxV6/Q=","TxaTGS3AiIG7W+fHOK2v6QXB8OM9yr0KdxsIUzgMceI=","j0dy13Vw6WC8f1H8mb5wUT0fXNA41cvzxjHs0dEVlSE=","zwMpZQUd3lQdy1Gs4GSVGXCFOpIIoofZM/jv8wS85G4=","9XLBw7UE3G+ZAlE3BBZdr2Jz6e43H5fbUgsYD6rJQsI=","vinUL24QpMzAniUQvO9Un/YYMEkOuB74bamHiHrUo80=","sotjpZpbrfOsatvoxCZ5AEZA24p2nd52hESeod2WYso=","iwehjbtpJSlzPhl6Qt5CXxbargzGcj2bxd+tLm5D3DU=","W7F6WHUmmdv78QadePFOs1XZ3bqv/sHCPnf4ZmkYM2Y=","g2o/Gj9XmGcWBOtaMiKNhsH06//d9Pzh2nV5C9MG3Kc=","224EeblMwOg8m83Ka0tFd2tz9aUxEPsR53KGWlvJnEc=","6iH/INJIf4cMViSN8daMWjc6O2c/4rwuBtHSQWHr4Tk=","qiGi47Qp06rJTAq9Ztto5OsS1QPovwovqXk0cbbyzG0=","Toiumo0K14JGw8mEXgOJi+a/3ih+XMIz97A1ikS79ig=","kwDHrZTkYmXieujDPnufmCvNICQ7Xf8j1vusiWk/hjE=","CVida7+dAbngUQIPMHI5+V4H7sm4gMYedpo9DcAq+28=","ih1UFwCmbCXZetyAsTdv6TdNDy9a/KQRAy2FppJL4pA=","1aoa6clkvqLBJEvS/LwduwoWbOq3hMRzwv7hQMKmbkg=","or7q/H1ftCmqV9VFlmpqV9Ol3Wc6kMj5iPO9TNT/x88=","ss+2K92OVyO6zXjicpieHVZm8M/CoGYGnokj4rqTaTY=","NSa95js5tct+CzPfpg02QzSgUDKY/oSp2qkoC8Jk3G0=","kDmPtdVSeIUmeH88+VgCchnkQag0f4dvdMAY6yB/f5k=","rzmmbxStwwop8MDAvpqXXxELtCBHIPRwtA7TMqcq8RA=","agGZXJHB0tdmiz8mYvyAZer+rCAdEnf97Ll4c2q4RcU=","81GZISWLRxAbTN2V0PtMkLuPEITvZRCl8p91ZN5azJU=","w2LcAB0/7fL5MBESviwnIcuQi4jHMyyESeGUevtERz4=","Q+JFIX1LaClvMDwc0RgTi3AQkKKquCRiqwHWfDMV4T8=","FNqeeTZEezouXv49UImzW0nVTMS0+839cdPIs3Jegjo=","qv576gVplC7LpoN16m2YzWc4OQc/bhRrWaurYnMg+OA=","D0K7I7DmINMMjNnFyeGwKActpBHppEhx984Ey44wsCY=","8NsygoARmjJ+rAQLVpRzpDXOZN4cpUFBCXW47jmqzdg=","+aML1n71TYB6cTKa/a2XzMlTsJat9wowFBgJht661YU=","6HTKVttRujXqU5oIwPvPQ0uZWtms9aBO5wrUXLGtR6Y=","x7ULoKx/gKQTra7oprupMcvMpFIawf5+C611lJD5wZo=","WfWz3OOsc50THvgKLBC11xkJxcWh3uxw7Et0+tLiIts=","CkJyQCiuu7xpWRuD6MLXxng4prZCGFC6Td/2ryfZs8U=","A4PZltrRSTsch93GW5JtmyvKCwf7bf0mD6U0Cte3tQs=","uJmACnnrWcWhjVeHFOxp79mVi0+FNt+K89p80nqIEro=","tk4klbGZ3wedS9O9vx8dYm/yW7VmGcewwx3yOHSmodk=","thQhN2UFY9YOENetsAEdB/W/ZDgY0cZtaPLXjL0I0K4=","jGFrsQ7/iafJ0o5Y4/JO9AqF2XbXVayNn4hhYtOzBXM=","sc61IKNIQzChj/aVaQUpIv3XI9UzE/OMW8oVcWDUR/E=","4ppx6H1GqIEpaMDpmKySeHwxNKVcLeyjnftuMV7D2SU=","CN2Cya9h4GLtgmALP6BB6uMM8V4Ql91Y58bSHOaEEkE=","oOMU8/UKmjfeS0Of2acX7qKKz4pCJhBh0WUrV49jm5M=","d3W8tBoaoKP79+sXqajWktfXbn9dCygc8yS39DQwOg0=","XVy+b3gO0khT9hLrlvclIsYVnDhXjvM7Lgb9zmbGPwQ=","nuAJ2ycRPo+wnAOppxRp1WTdNH2YWsvzjMOieTzX8jU=","Y9x9Cm9szrxV8Gvmf9FMAqmssT5pTOgLb4kvIkds7wY=","8aBI1uUqKhFW47KrAUvmy6/+tV61s25q/XTyNeij6TM=","JDcGFOkpJCCG1vhL40ZcGEWF4bi0l5p0JjAnMx8AVT0=","7kEIBqm+auxaPbW9pO15BSRWMrKBUOb96fGS5C49ILc=","bFiaYTaE9Gin9utMz3Jbr7wmimmV9987kM1b0LCXKxs=","9UOPFmFQrAxcGJ5JInvQ8PDb1WdGwQdd/nQLcMem1EE=","vKa7UHPJUne3qflCiN6RC/f73F6abe6++43QfWVHvyI=","IprIUKuny1FfD70ZIwGt0zgm9HV4T/xrGAtP7VGWuFk=","BgyjcWFT+Isx0U1B/RTjb+ltzbsWuab5cHCPefZ6e2w=","oCUK8HjLuFKZPKLzLeh33TF4gF+R1vf50ppo0LzN5KQ=","7BiUXlckgizqPhnbrLSOhF9mVpzcuXAsyIsEr6IHAmE=","svCsd5w124jnlW2UQACVXI7VXjK0botJcn98+yfzg3w=","VbqvPeqfePs0T05f1UZNkGxpqiwo0zPIcBrViLMRx1M=","s8iCbJv8w3aO+BfaTyL136llT7w7UPBNlPtxxOSzl3k=","qdBa59nw+BfMZ4O9b7ZNuBbBLFxfJxJt1q488/l9fME=","IZiqDDp2AX4m/DBZkDORax3mEYIm2q+SHMUkc2YlLjo=","jRyR28qpKsmKSn7ydIpeuP4f4nt7LBFk8lXdXQJeYIE=","x9GHnpExF4LtKrpFVefnDIq2HXlyK0ONax8lLbsBKnE=","at6mot1z2+Cr7IY+QUNxArxU7pDHETxUECRdDRgka9I=","HN7Bl9vK8wCUHxWSOzEAUqmGTzRHmLI+B6kYr5QC0Yc=","nhUOMu2dRfdHXPZxiTy0zqqzQeulIZz81vtqbJty4DI=","trBLyRhOrh9HjFyzeuj2K/QTeJzoxTrpvj2c4FlJSfc=","NMP5rQtxVfeeWf65ZBqN5UNtHWb5Wpju3PprMJkfWBg=","uc6sTWmMPhVQuIT4733e6c3nisqB8Y0Hx0HjuaPJb3I=","0vB6Wfw3U/nbadKmIWBMecJS5MF4QnuNi4qzxt0GOTM=","Day3lAvpY9MJ/n/KltNvpMmt7ebVvAtjC7tD548rceU=","Z2CvvnWHi/VEmGqZqspJI/vcmvveHYaCI42HKjKhk6M=","tvRVbsYYtEK1RG24ceKZ8p/zMAN3/0CVnXHHE+izpe4=","vBsKKy3y3/4USzP/tr1MHJikYe27/nEaUgQ5XSYpzDc=","Flv1FU3yVisXe8g33sxq8zEuJ0lx7VZLG5iG+Cmv7rU=","3n+kMjtBZJr6Hl5KYr0RyHpyIl3Puma3QjOsXvY+lHY=","9Rd4EUyHEiNOc4H1XfwYpTw2rj3GdzdM8TpLM661Tls=","Uo/YnmfjNrmf+wVlZL4uXtRFwiv19PNH685lX96B9Ts=","Y01v7VEmbhIjgmHzj2rIyd5VXtYWFOaL49MIyMmSsVw=","rI9GoIZ4euhZfTwwyNTygkDXjN83dqqm2eYTSni6Hqk=","biWVzmmFFqU7+mvtUDmGtWFQthCD8Xlrut7Lf4k363k=","ZIgDPTblRtVJsvlQ7VLJX1IFAYnVPna1hSQ8tFEGXyk=","dv0nU2bkZZQdLyhHb2gZ9MF7cbvCQ/NfiZr7Gu3+IGQ=","Yuv4OkFSr5zPGUOzehKOgWAY406ZwISiJaxcZzlfxN4=","C+EehnXkCbAYshrGCiJ8TTpYB/ydSxczFZToQB7GErI=","lGHMIia+VJgDutvUISYryiWFVOI6cftTmFRZsBkTXgA=","ZDsT0yd2fW1ZwfX1uOqTR0xkNHuS6tvnitbOWWgE/xk=","YJL42POSxzy/45nArvisvRn0Rr7IBuLnvHvF73wilAw=","w+gZnaYtC8Tc+J8jL593ucH4PA8MfsIpikTMOKICPjM=","kAcSIu9BxJwz7c4EG3rUStsOtO7DyBJT6qpHUTZ2YFA=","CkhDtiF9oVjVHPrcB20zogn2DQKhph58ba/PERwmN64=","U3/b46JI12XFBSyAnvp44xYqgpd6zKhSWCD/0LBAjqI=","8R8PsTVDPUfq5+nlT95X90ih4s3974KTkzPj1AHOxA4=","cJX9anuciRi4nvNs7tR0WSeAdqBlJ2yV8NembY5mcp8=","jRdsVx7imydW3MzHiKyOE8j7r66Ogdv9kQ2oqPe1TMQ=","FI1Kayj8lEX/AwYY0oKh71QYIHdczuqlJ76ntlhAxq8=","wkkxRCRUVnGgVT9h/XgVrfmy9Qt0599QUd9qOkSv5Ng=","KxG8cC+5AjbV3tcbuynC7BarF0W0FtbafS+1q93JAwU=","7hLABelWcS2w/pSi/RwhQlzFoeeuIOWjf4Vu1YqIlck=","8soa2FZJC1JVGOVw2/MwDKLi9heBy6RC/f+OlkepiAw=","3MVNvr5VhEzNSgIKfsUjfpmcpe8dJV/qKQ+BkfObtBE=","3bftYsohbDe8viox/BQHqtXLVnF7IiSAAt9K89pCfNo=","x8Kyr/EzjXy47hQPJCYvNWs+q0i5Tlr3r4JBtWEhBCU=","s4IMkgfVup8s/+tU4o21Lboc8IeeKFTCFuggKL4MjRk=","NMzOUs1SRlHiqsfjah+FOQl0HzPxI5EEwwS/6sHLuCk=","wZ7bd/jxKq6y7AJi97f9KsdOvZVrStWom3D01EuxQvo=","/Gazh9ggzS0HZIljPzSlD6SMU9dosjGbrCoPH0bzO48=","qc3VlVy/BEH5d8M9T6ZJG4mUp60fxDI1+5N3ZXhuFDg=","50TWPW+vbCWDZh5knRVSirk2hzSpttDpW7YDjm6Z6S0=","HiH8SG/vLaM7nsBWXTN+A1mb2wJB2HI07vsF0qnvUNU=","xZQxVlAEZA/oNa2QL7cs8xDL6qItVmGTbdhOho4Epw4=","iaJBFIvgsIhRVMHjMRM6g4NzI15q9cb1vwsbkJnG5bU=","vXCyOS84X2tR9QO1qbtes7wCv0IKmTGfiZgZL+h0hL8=","gqmEzhIZrx+v80pPkeGSZoeePClSqezuZvsQfM+PLX4=","N3Bi6/vwh6VxihO2aiM1W9+C3lc8DyEhXOpiA/elTTU="],"block_size":4096,"path":"lib/adblockplus.js"},{"block_hashes":["a8TDFQKLn2xXC/P2vCxbAt7NVdCC8PI7nzim4dPVrAo=","j8/vmJiP3CFd22pd3yTUfft4gUUBGKxFvCqCR86YWto=","OfZCOLSxQZexE6NbKSfVolhfukWF1I4q7hCMvVFT3oQ=","AghDAC4C/ae+aczilmZrBG5pjqC9EsRTVsOh0hJjlwA=","HHBlbsDQXDx5qgGeRGgwihSUTwTvjffuHgBZIkQdaos=","eHEa4vLl8Q6dOSiliXknm/jy6vAXbJ9RHqWjxUCASa4=","GZKJDJt8o7YKtCZO6s6NGnfSFlcXvpwCnCbHtlJqnw4=","m+uT83BlwcuZTYvEKdpteYELK+sutrdtFCZeK3wgytg=","dYBIqoOWMXjaUYHSZgyBxct9yy0BQXNP0rIfBkVaefM=","Eaxp/fow9Aa9bEP5cw5Zv+uJtExd5eZfldnLwG2FPMM=","Zjq1YmJJW/jMRgJmsekIq+sC4J0b+YAGAKu55nTGQSw=","ZjQj/5OnwTIRyZf9jxmULi0HN6QVLYDNPYY15wH5TsM=","CRiaOkNd98dccpY8kaq54DPXd9pxUqN0SjC4QZ5H++s=","jQWD3WQ/pmOX2k+rhIQInAg+yrmDYsnmczarPJRv0gU=","paDI2WGp3sP6TTjzRpPiqTE+rZQjPJNUUGTJdY4AniE=","abT1aoI5SDCTYCzQ/2vgibXvD9GcKVy2002Je9sH4tY=","q2x7zvrzOzxCYDKN4UvIH/cuGajIgDYbptJGCj30afo=","6KaxgGHUV7i6Mhi1+RlnLb5rGVow5npBbIWNV9VbJPI=","McKd8mpBDecEE94gz+pLXAdN+8Ua5AXnw1XIzxW0R54=","XHufUlLSyP0T43kgA31bRTfUEZoCWV/tthcYo1e95qA=","JnIDfeBHi4Mfbl/41PHvvoBYuKtdkkEJVqThrFNYjKQ=","GH4jCOe0DlZTItoU2YMqSSkhQlMvB7Tb+FIW44m8gj8=","eaQtPBXQjdwzhMxprf9H6/RAi15QYHFQo75rc+G5TiE=","jmP/OVX1cCqPzrG/I03JjCgxy4Cbmq0OocuCbidwlV8=","x+IfYNq/QSommd2C1iK4Pw/z919eIV+z5JKpubK60eI=","vGEGiqv9T9QkSf7QmfQqwmQz0FKgBwcAVLK4fyVnrII=","fWYkKiLuXaJNR3d8FfYUt28ZG8An4JqxZMktgc7OHzI=","yUql1OSfPZBa75h3v5R1hPNRtk4Rq/fl0nsSzPsPjHQ=","QZUqDz85Qz4joTCexMdrZV9a9hWkkxghQhXJSbjjBSA=","II1bUWyI8/ot7Rp8RS4TLoYaB97Xnmfu1zrCqC2Ab3U=","Q3WNI68HDp1oekeYfHMTEiFnfe63RINk+AYuxocgOhI=","BaUH8khWP4JffU/NaQwVaQoD4gTkzIAKopvuKdBnjmg=","iCU6Vm0vjXIltcq5SBlkWWZ8hQUOz6kst3mhaxELc74=","YUtAv98ADj637pIXrHASIsor1b3+UhhiEuZc1Lxig90=","y5PiCiwrE2RBEPjNcO6xNtrnZpi0wXSzmDeloCXmW7E=","m/nJ4R6USbIkKps7peCNlRrndJ5ZTDMX2MyrZJ8uvwk=","1Ymnmqt9Cc8rYOF8a+Jmw6SiBR3JQY5WPGeOFAylXjM=","zrHNY/g5wpJHIg0LREZUY2zCn7hME0JHbbEXvRg94Cw=","voV5cS4XXd8CN86FfsxqjCVps6yVEcZg6qzJ7GYS+sU=","k82hyhvVAAQDMQqUExD0RFeEvEdd6o582HAMMPMhzeY=","lEzf+oAljpzG9Gv9v/Ryw39+JpuOmYa3brSTWYhwGXM=","hLTWQrj5xnSe+aVGfEpNTmDNy4GOf69VkrANdIPmhGI=","8wd2Ahkd8/JCmEex7uG3TzC/80d5vZd2MUeadpDs/LQ=","s4a67lqVhbNSCwj5oSQ7f6Ny/VFXtBAMKOBGbWQE4nc=","uyvszaUlOC2yITw3OKDoHDUrHlfL72Vj0iIx8nW/30k=","Wqe1iDMMEt+bUk9BE+OD8Rnvlwmym/30Z7DoYPnWRl4=","LA4y2XT7SsdGsKzJT8GCCtwtzLv9nlBCOmYKEiAZO+0=","QfxITTjKPd3aK50QjZLwVx5XVqkbbEc45aNFR/roLlY=","dJMp6HmNzMjJMhMKvZRlPX7yQAGDm8CtydbEUQNqKxA=","n/bf8Ib7/49PGSCPY/RobGGKxERbKF/5b6j2oQkMUM8=","BmdPffjUvfdfkeAuwPoC/kPBXcOvI8XGFQSsUKp1jN8=","q7FIYaFllPlCDnVY04A39wb1vUa1JWyUqoF36uKe6w0=","UsbD02mjqWUojByZOhStX1gZXRiR44u5s0QpF8KWmoQ=","A27dlUOuakS3dM4G3wbs9Y47+k7CW81F3K1mINEEeig=","dGUUd0ajacYPxzg72z1IxPr0TyX1BfGtj5B5kRmmPDs=","KKPiYu09ocVNTwRF8UQY+71tSXAPwiu4iF1Z9WXw368=","0riPZzmW16a8JJ4QWYkIzttVuAiF9r7HO2KVR4Ht0Xs=","bufXXSLGz53lP4XvJRQsbf0iLMnfUfH1DLFUviUEXjg=","cSIKmqQunGZRTgPzjutShbFvNsix/KHkt0oKpnmXatw=","5OAlGLUnMU+duqwEetgP3B8V6UJDYVEStH4dCHNnkbA=","lEa/6/8ddCFFEclLoFECkt/wytrWkZxmqUfRAslGvVQ=","oOOv7UcRcWO9gy8B6/ePfk6PLzU88WA+KRFVlaEEaU0=","fUT2CTsMRUuNkmGchES+xokGNncThBQH+hg34QkCKKQ=","bN8vVT/YEcOmF2ZUN4IhlWjgKJIChG+vLk9Qv8FwTOQ=","Z8qKEDkJicgmBNT0shY+fbgId0cj9RUPWPEbX0iSCNY=","VaG5QvKU4P5Snvh8OElahjJjGrBi1GLQk2GV+V4WANE=","7RTmQO5FZbV/TkiDT5+Yn94YOl1oNeP2XX/si2na/ds=","lQ7sXAgITutIH0IgMq2kRKQTjhg5x642ro5k7vwEg6c=","qQ7sNWVzGDIeUChglfeWfruraejq19G+LbChoDgNNaE=","/QIZIrGw9hEYoAv5qmcyuGboKKZTrvSrJBBfC9yy0VI=","41vuL+ja0EaQIaTHLY1syWEZKiY3BapurT4eWxoOQh8=","UbZwn2iz4EaRrBqc47MHM8OntTE+PH2s640W8Z6cnnU=","IxJqtFP+O82qIS4tKqWHCd7goDUTu1IwIoKHyi/WAfc=","8AzpOi8ishkjjsfVkyKqtxmr2kocTotA+i4no6lQIuY=","1I0tQHIpZ+LL42i4poeYgHmFeXW3mYX+nnwJ3NB0sPE=","LQ3rrwXQU69GVYNzP85UDaVov5wihWV9kjGrgcOYqbM=","3Hc1POJVhIt2Paun+tf5TZqY5ko4c3r6O0ICYKAjOHI=","XC3COYs9y6wLsBgXrvO/Okwdpa9SfXRCFXfSC8Kecb4=","bvb80DJBUThbjeouvY/B3gvMbd9Kw8we96j1l3NJyP0=","2UX0eUlkaonEsynoqKSCh9cs3EPrgmrQJsBIjxFk7yQ=","UHeDFQ5/aKxzMDNgKjGK+kNravzANbAlWs8OUKflKqA=","DZ3ZSByMGpYA9ZI8VxC9OXS9mH2+0wTJp4yIMY9Dd2o=","gU8G6iZZkDxl8KbFRdo7adNOFPHVsLbogf4TmYJHEcA=","xxMcByQ3/BZOGStyn/MrPG5oi3HO9iDklOns8EtaLgM=","LVxJlnSrb0vt65EO6dw9BQTBXCl+mdNrtCbQowo7gZw=","6hq9MrPN7dqhIAUgMPnRiuHs+/4Stw+U19ktJ297uUk=","Hi0eHXcwU0R1utWlRxWhhKz1aM8QcyQ+ZWOy/r6KQBM=","lP7X5XYKKT6FAWOod5sSVMbCWVPNdZ33OV21cX8vc7g=","506qu0v5A7Ol+BhySeDJlVRprOotn6utsAfqlLB0/p8=","lsUkVLsgKbEs2yXe7/V5x4zcUfr6UsgBJl68Hmt5Jd8=","cUcIB1iZPqCv4vLyEW2nKctfcydaMQRnLKITH7ghpAc=","GUpbe4w1OTnWzJvW8lfuyuhqTbqXu+/TrcOpSEv8+CM=","KOvteN0rO9ad38AHDhGls/4EGqRLmucEvGjFU4Vb1UU=","xbUgfpZgo1esbKX0GDyDndTulrIuMSr8XzKjqXaMxpE=","DIjZBxWtkgIeICU0ZVpY6t88YGAFVrjTF04gfALq5IA=","e4lnu+/Vy0SG6ydXSPoELnZDIyxwTQsIYdjz/WpKZY8=","ErWdOe/eZKon0fKg2VyQSM+8VnaO3sltt5OdR/88zJI=","CfuM37TMEFbHjZRbx4DCBmW2jpKyVXA6W2LxtXKV734=","4jJ2v1IJ5V3FdNixj5kBRmmuHT47vGG/UECx/Tfg874=","oAkbLqoYVAxAVn9LZWl46vFNzByuyjNfzDS5d1ADR9Q=","TSl9gyY3JJaFSKrSyplhfBWEuzj5Ny0HOAm1B8bbXp4=","SJzfj+GUCubTc3xRbaoNXjNQQhVzRJMvrE8bG6sFRZk=","IaLi06inhzXxkk8EhE0B/ZjhoP+8wxzF8TAmJ6WYtjE=","0UcDGkaAi6s5QWV/q9CGsnD9RLlIt7nc+zm02jIaCuQ=","+HB7w+YP2NIEvrnNgQ3a9j/Lt/S6qnLtIfvp2Ph3Z9Y=","h7NRHVqE7ICEQnXLwuugzWvGwJRjD1cxHcgcSHccrSM=","crkyLOUT8QuZJyDfxjMRt63X9a0ldtzrZJu37Gisx38=","y2VzANKG3X/LT/0s+P2Jo7lnOkyYyx4Oro+YmzjdKfc=","uRM4qT5xF/WISGOC2OpX0NFj2tiGnxF3hD31+9cN1hQ=","iaOLY2nOlkPCG6QbtR6XrzIkoxmHfB4+TRyaYEbbEmU=","o2N9/9RuKBb9LddPkT88QCLwNLp0DLyxaRanHem2IZg=","lgg4eauR3mxGfmyH0IdskeIKplaCvVnGnFDT9mBAF1Y=","BiNl+UeODmgEZFpT3HHgFUIDyzXkogOZ7hmFSEKot7I=","GHOxWmdokcH+CmQT7cBz2ka2ZtyYigAodiefNLy/Hj8=","1QPIkb9lyKNmH2EomnO5y8S+cvHPlpLzBWqzgpOO/8E=","JD0EbSqhchgH3GjtaJ7kT4w3HXCptj73kkM8rWsYGsI=","39wgVrbz6N7flaZI3eTSx88b9r0SCypNXLDUyOxrRSY=","vEajbFsV4VgCsGTZZHbKCsbcFUeN1TJT80X4FhQzlNs=","m1w1sX+7z62yj6YzwLk5QvmSkVaJxCN/GxclJi14P3I=","HZNaT4k1nUAOc2YtU0BN5EC570OI2UXkbgqxfpbzSv4=","QKi5IQYL3uEncjWkylyEhv8RWcqj1+iK6ac1XH0qrLI=","/1nnmjkuZGP//wPLgWsECSk/Uzx7eIIXeSyLn2Mj47A=","qrqkgwSu5rKHkiqA6TKyEISDxNev6ahmPMksyrvVeuI=","gTY3L+d1k82pjd3W7WB06Kr5zt7crwW+18V41J61tQE=","Aemecwbb3hq5LR0sD36sPgfZqFLOQ/QsYBoHjj6hWzc=","Jdv0o7+t1Bc+/oG5kQMJTbnjGtMr5BKY8K3XqasS+Mw=","h05jzEB0ydwr128YRB/aWdkvXjPajFIGrXIhTpoOAYY=","lhMtPEd+Dlj8f4Zd+9zlbYugJNEQpMPXhdBLxKUu0PQ=","fUqxkdCKj6LlZb3FA+fA6kzjxsfOND/EEVqzDrEMfi0=","bepqb+WJPOV6aV09ZXCQL2q3A7lAoPn5IiE9vQeBzAA=","gWjvK65yK9VFSqxBA8mfQIsa9f2Wc7Klz8ru3UwdIdU=","FkSqxOCQIhL2bVDAMZkgUJbPBEJdRUEAviWxoRERBJE=","Q3/AUKKeLXbH//iuuYuuM9pQpXvskXdcQiYSvhH7F2k=","WLrzE7ve3NDaf06NHm1puB8msmo9H4NCQgC7RvdS3e8=","ezyMnPhZ7JvNy31rML78hHxzp5f8qMKYuV4jxmRucP0=","AQ7WLmfaqsvapZnZhw/yJ2/fLC+fi+Db4FmSaRMtOrU=","/e0tMnbFdJxyIXlpE7FhE7YbNDyQe4/LG/Y0KHj8rOI=","aYMVwkL2TMj9LBjmyFvNDg+33dZa2UgkJRUuSWuRHFg=","xYkS487H1L4Vekha1pGLXDOxDpMNol436TeVmi+oCzA=","6cnpRNi+OIUpiQ5eQ5dRcea+ZG1GpODCjxC2KMh/3Fg=","nHbxTlZNvAfKLEYqL3bcx08jCZe2dljvAHjzlbsY71c=","TE9Dgt02qrcXa/TKIHewf6LldbbUxyM9cWsvVaFlru8=","GFqP06lC+ipVNQAu3+Of8/YpJ6FH/vsfObHcyyNSqkk=","QxJAKoL+4EtnrZEXqq4ogx5XGTBHP7HM7NYj7ZNpHqk=","1ouelQ4/4LwjVelB6YKrvO1mPmRKd449yncqTFt/P48=","FQNPivjwzv4XuneIJA+FVWkI40yJ0MPPg6cHYW2tPhQ=","F8aWRNVqwMZ5Z32O04Ig9Xjd05aQvKMqdTbXgfgjFmE=","dvxCZ0XkoUDaWeKOpbhIgqXXZADFxxJTYLlyhhNCQGo=","skudLFjslleGZW0p0QsZ8NvK3cVZEx178MuyNYXfHRA=","7UTWB68873Uesymz0FaMAK0syPpPfr8SGc7GQ7fzpU4=","VWy5T0rbY80J9bSTotdEk55k0jlsoHaZh2DlCAStYhc=","fPUMLEyoqcaY9gHcQeh9I4o4OcS0ZBR5FOHuWM/fSkE=","M8WpJiwzZGr04omfzjQduiEsPgGJ0m6mjJN0TQRrQho=","o0EHQ9WswnBpYkc5X9h2HelWRrVfmQF8VDj3xX8mUU8=","Mel2JR0meYpSgWsSyc5cA1ZyDc1sWuPwIu/cJTZV6hQ=","gnp+OHbAuKdK0UYpQP/rJotdcvSlGb6AgKvGKJ9tkiM=","pmBmpS5NBJgEGTIQuDmzuOCYOET24cxfkV36IZ4GOFM=","vJss61kEFc7hD/SDOcKbkbV/kMgxpmRL/yohATdxO0Q="],"block_size":4096,"path":"lib/adblockplus.js.map"},{"block_hashes":["sYV3RbNFfPeDdy+9g/kO7VwfX6UqkkTG9CSzHj2nN/Q="],"block_size":4096,"path":"lib/compat.js"},{"block_hashes":["bmk1sh5Esry3i8NSvLlVLqgdzniDOk/+safjdG335f4="],"block_size":4096,"path":"lib/indexedDBBackup.js"},{"block_hashes":["0D4VoPQFdQTHewvWsxBXE6HRg3bry7bHm+MR8TJQt6s=","YrK+4z3laTVvCSY7btb8KIYmw/larnfThShAaoxFi1w="],"block_size":4096,"path":"lib/ioIndexedDB.js"},{"block_hashes":["Jur9jL7Vv5KOOYm00q1aHSDzWBEizSaSdE5itiqfvNI="],"block_size":4096,"path":"managed-storage-schema.json"},{"block_hashes":["ATmnzQQMQneCrJYK3oFuxsQ9aYUOfUXdqalq4K+1p7I="],"block_size":4096,"path":"options.html"},{"block_hashes":["2k9CE4A1eePnyB1CeZarszFVd5mdO4TTBKYKaTqhL6A="],"block_size":4096,"path":"options.js"},{"block_hashes":["vyqaMvspgBMiypHXEfuAtLAcNV70E+s7alhXiJV+exI="],"block_size":4096,"path":"package.json"},{"block_hashes":["HxF4hz/j4CaP4wSGz9jVTgUmARY63r6OeRBw4s9gxLo=","SNGItlGi3yd+XpaKixL3QycAGusZRGQ5FKy4cxBOkA0=","lazqKXmvkGTni3a4KLCPAGQYWckfb127BTCT/6SgLvg="],"block_size":4096,"path":"polyfill.js"},{"block_hashes":["ifUNuHh6ROJhOZgv0sx7yOCpePYlHBsefa7HDA61+IU="],"block_size":4096,"path":"popup.html"},{"block_hashes":["QRFqjcO0tnUXm/OikDosLMKQvl7lTl3ulWn7xGDRrws=","mJ5LWnY3mDk9vv6ipLuthQu6okHkZimS1uPmy64ymFQ=","8sndvCHfinFN2oYVPMz7rmEsgTwcfe1yWHMklHchvvg=","ch1MrCtwYRx6wvVqKjn0DhL1jXMrExad9ZgW4JfZo9M=","7lp35Cfl1A96DHuTIyi1/Qrh32m4FN5g2+iDT0pkB7A=","oBk1fAeB51+ViSULCXmd6PDOQmfZ43gwgnKdCPkMhlc=","5d6LBokkgNFPn9ob0JAsNtgS8BLBzXwKOBYZ2Jje7E8=","HW3ShyBbxCn/W9o3nWkZYeUMetf0Js0zZCtem+7h+xM=","AHNXcGUnE6rdbT8czZWpBrs3lE/eesk4VQwDRALWg/E=","RA4HracB2+ZuWHm0IJpc6FVYBbasv7TGyDl06WfBP2U=","96t03OzoO1BzBFsFxbO3ehTWhBmUX/68X1EwSy6mgwc=","isWjPsH3YezamS6y0Rp35FCKhaP9jk+Wt5FJNf0zu0Q=","2IYz340BLiWFiMek9vcby8y+l+0bTEU5PeGx9RrstuY=","6p+uDrTfb2PdIJ4Ah8E/injkAWfUVA/caL68opdWBmQ=","lq2vjq7TeBJWZWfxOCH9dUlLwyHiyONrP57Qb3vNytM=","DsoaZ89l0ENElOjaV+WvVruFO50l5u3uz9tbxczbVUk=","APSuZwmvcCHaylX5hhZJCQlAEqojoy9kXerkiCuI0+s=","GDnPlEqt86Cvex9eKmkAr8+32c7YpuZ45sf9/iE00uk=","oiAo7HbnFUHjiMknk5gU/ybVXRK2HahoHfE4Me1njHM=","dBzsuVGEpnonC59UnxRGtNZVA/oqokMSnm+QTAXAdK8=","I9EBf47jy9BfsobfMlXbTV3XcwM0zhqFx0BzkpVP0Jk=","fyCJhmbmioIXomg8LJ6UPfa2saOXRfSM0yBVkZImc78=","aAnZmue2bzPlGzwbYhP8M20vaT5uyoCJ8SErfUPM/w0=","Ja7pp5pxcPpMcGuL1+nPQ9Ucaf+SbGQ5k8YHmyfCkTs=","28G0j9UsnodLilWcBlzkYHm4BDUTrGEPFqLoKnlIjTg=","aeN6RTOwB9sBMWoUlZaNDui7WDasX9GMhfJrJXqh2gI=","1Pm53E66/htD3T8Y7K0InuiBNEYKK2TB44zp8VwLLQg=","jp/5PkKiJOv+ENaABwIxTUkKyLSO479c0mSxtxzOdkY=","+PNZlZQLyhRLvEXwhef0kPV9G/74kVv9Pb6PEtugVU8=","9SXcHu3j8iz+V/xb92kGrM+0vEzS60GxygNdhS30src=","PlhimNDqiNc6UZG9teTKuD6yFW82uQgOdO3GjUPGwTc=","zZtA9sCfSqi6cKixZdn2XXFODHOLVbxKCGAPW+7D5kE=","gSbM4Z9Y6MG23gfwB/7xtSG8XhRGcoVIGuGErYYKJjM=","m5CahAOWxrGvOG5D2Kg4BY0CgzKk/LlH2k5PN3TyE8k=","CZEQ4iI8qa8a1sGhjMNWCmxceMVNh8L8azt1OOC9Oy8=","8ZyULDFNsaZvC809HI9+atOa7xSl+3Ffhk/cVE2sEyY=","Z2wkrgcwlF/Ysuw+9FotGoSGDFDfOZqdxFEeYuIhpyg=","nHfINBBwRjNXy6NscUo0EHzQmSnVwo+foc+RN1QwMRY="],"block_size":4096,"path":"popup.js"},{"block_hashes":["lm52XTRZnBhBBYsJLTz202kOYFW96+wzxb0zICjWwpU=","EC1S6rnX1Wqxdl+bTtIJIftSxxaHRiDdyA0jogfZggs="],"block_size":4096,"path":"skin/backgrounds/appstore.svg"},{"block_hashes":["2R6jaqizBAMAT05DpLVh7sTd0us2GXWe0afgYrRqGi0=","RVoBEwPlKsltnT4IZh75AQrhXL1StnkTeOjGXfAAKcs=","fdkp0cCLguisVpSahlNN9bMyRPSfGdHGTTRw7VT19mg=","K91xkuJhHnFULOKWIZ21pcZnFjR4MznQV0b3ED6rPUc=","LzggqPIwmVdyXkcJF4A7Tpp7UnTJ+C5OLRiySwqOQHA="],"block_size":4096,"path":"skin/backgrounds/googleplay.svg"},{"block_hashes":["lah9XYMSaZB+dPC+ZtxwkKRTueCYihVUndRypHWDFZA="],"block_size":4096,"path":"skin/common.css"},{"block_hashes":["kkmj2cRqd3Ybq8GPELf5vjMQEX1/UidCmcTvVoIG2Xg="],"block_size":4096,"path":"skin/composer.css"},{"block_hashes":["8SJb6R6zEhACKcOBlIOvhpyYEqlhJGTruzCz+vdZo5Q=","/ujGj2CzJPNzg9+GkeYdri8hRvmeCzRDoDNtcneiLU4=","/aJQ80u54asGuGaEZMbXcDhxfB3FFtR5R56YnRYnGZA=","MatwyakA23D9TXfvOqyru/QfIUr7nWcuG3qCzIyhP08=","DZ2penOnIWLRcZtf2ayvnQakeg22oDmv2X4kazunhOA=","FbWEdlpSoGAZuqnKIQ4m6VA7hR25uH15t9CLKWlTQ0c=","EBXVd9N7cWtO8iiSVT6GPis211O5N9fAm50RX53N/rk=","j/j7DG333D5M89mkRrcNreSmuqbS/gtZvatHL4cTfPY=","EYUNWPQy9USlQ71Vc0Mr0fTxY54JjjYrASDK6CGHgU0=","g57c1lRyKjQhrci+e3WLnImddP2X02d7kaRrplUNniY=","6516eohHJjcHPPjCgi81bKauhrViCfB0VRkHCThhQtM=","bgyCxYISBSuXi9p7xSezS+a7O1RDZFmyOTo+c9RvVvk="],"block_size":4096,"path":"skin/desktop-options.css"},{"block_hashes":["mWYibx4PF9ApSURnoX9EqImwfVlbjcU/p3R0kH9bok0="],"block_size":4096,"path":"skin/devtools-panel.css"},{"block_hashes":["Tv6KhuBMkSmtl2QMqai9rzL4HPLfPmixpkUEruCpiFg="],"block_size":4096,"path":"skin/first-run.css"},{"block_hashes":["lH+962G7i+AlETAaVXmrEhy0lRIEax3h5k8Y+t77HFE=","UR7PvuKltqQodFtVjG7dA/QzLIxo8nk8B9nCmFXou7o="],"block_size":4096,"path":"skin/fonts.css"},{"block_hashes":["bOJ9YeF6R3jcEUtySZFEgR1BZkCXGUzEWmpHV/Wbhr8=","R2KKXYtvjCSwpSLHMA1YW9VcbC/uMaFbxwNTOOjrigs="],"block_size":4096,"path":"skin/fonts/Source-Sans-Pro/300/cyrillic-ext.woff2"},{"block_hashes":["9uTmuuXsB5qA2TRYxHHi0/YMF+dGZkrk9u0f/6xW5R0=","Fi0JJ3653If5wL4KCg2dZKWlG6fHIDqDwLR/px8FOkM=","3RSHJXHm8+gYu2OeTVmhd41IM26MFGX7GFmO300d8Oo="],"block_size":4096,"path":"skin/fonts/Source-Sans-Pro/300/cyrillic.woff2"},{"block_hashes":["JYkC/su50kpusYnG9YseQOzoMfCmCPBrAL9bjDUF8K4=","XIQSRtPvg1TDUH0nUdf/h1oLcwkzqFA6rRHnYGkPyhU="],"block_size":4096,"path":"skin/fonts/Source-Sans-Pro/300/greek-ext.woff2"},{"block_hashes":["kSi3bSA1NevvqPIvVS0qVeg6Qwo3wd4nDmB9ok+5ROA=","0whGA0wIYZwIWikjKPMMUuX5gxAC+Qm1C3MvaCKSQqU=","0n2Q7BaKExEA7XjQxgc5qT8o4wdG6E/1oiw6MneBCNk="],"block_size":4096,"path":"skin/fonts/Source-Sans-Pro/300/greek.woff2"},{"block_hashes":["B+9kPZKvQqh9p96PIYHMv7uAuyCZrMY71sKHNUoWkDg=","/8m+G9Cb10KFJ9nxA1ZKq21QQL7MSpMVwvJV0UEYhH4=","WHd+pyI7h9x/p/OgrFcE9jz6/h5PlcPhFWJbgLn7Yu4=","u4zyRbgPthiY0sZRqQ1+AcgnHUdry3aMSIXd2/88t/M="],"block_size":4096,"path":"skin/fonts/Source-Sans-Pro/300/latin-ext.woff2"},{"block_hashes":["qogxXrctVNkjmbT8A5jmoMq9dnbNfCrbJ6V+FQOG3Mw=","ywgzf0Y/enuWtYO89NhuujN1yG++Zy7hhbeYsGGQfyY=","u2N9ZJc3oueuCTx3At06f9uT0XkBlWBDyHPInpjSzEk=","MxvpBXo/v0MOwpicqlKyFc1aOpRvnJBMqZu6rB628Tg="],"block_size":4096,"path":"skin/fonts/Source-Sans-Pro/300/latin.woff2"},{"block_hashes":["6/owLz6h0gZ31yBcemyP/4STexDnAY8D+qukQTygvdI=","2Z7pNAnZ+gDEc8gQA0VqjtSdiYTykAKMg4yFvWMf60Q="],"block_size":4096,"path":"skin/fonts/Source-Sans-Pro/300/vietnamese.woff2"},{"block_hashes":["o0YkstVQ1uHd5dIcVT+QgSltGs2SpvETCnXMCUnZyLk=","MjS63f7cZuAlWMYBocdabs1/e9Zn0mlSxJmQgKDiU8M="],"block_size":4096,"path":"skin/fonts/Source-Sans-Pro/400/cyrillic-ext.woff2"},{"block_hashes":["OL6BiBzqIbVjcttmR3KpZeVRqMSD4oAKaHYuG5fM4D4=","yZWUWBiLJp0D0xDcd2ZAoQWVxA4ydsvBxlwo8TAPxR0=","nGhC6szzTEptRpg14Meo9Lv1M1BeQiyITgc+iMrPD0U="],"block_size":4096,"path":"skin/fonts/Source-Sans-Pro/400/cyrillic.woff2"},{"block_hashes":["1/dIfGaYRJhiULTvrCt4itUo11su6B0DcjB0LtIyHwo=","hyYDPDGRtBgXoDimA1jRVfkbqyd+iy1qfywEnNfP/Z4="],"block_size":4096,"path":"skin/fonts/Source-Sans-Pro/400/greek-ext.woff2"},{"block_hashes":["CLlI0f3G+j6jHHxDqFIOE7bLiD/K+qSPG9I2Qc93Z1M=","JrwxyQrOpgSb7QhRY+nZv49Qgczx+5yFnudmP0KlOVY=","OF52Z5teF57v2/ZtDvM+EZnzaWDK8pFjDUN4rz93I1Y="],"block_size":4096,"path":"skin/fonts/Source-Sans-Pro/400/greek.woff2"},{"block_hashes":["nyI3dhbm6i479/iJ4NDYvLOqShlHVc/ES12pcgKgjwc=","m7W92yDpkFOu6s8OOEbOByr+uJDt+14ND5TsOuAC40I=","Okmb7yrGWmVSKPXmWLnsT9AcP4VxeyEkdYlAnAlUPBQ=","QUH603eAtpoi2+0vgDSE3uJz8teHtqi8FU9LkRvo6EE="],"block_size":4096,"path":"skin/fonts/Source-Sans-Pro/400/latin-ext.woff2"},{"block_hashes":["VA4KC5xTqehnWWST8i9D4sU25YYBAouclG2OZ5d8y2Y=","CbLqTngw5Xf8tMOMOvwTMpbmh7lzq5aBGWmPbZVQBHI=","6LhWlxwnEGjCIv7Pr8uveM8PtJes0cMsdHpgJqXxuTg=","MLCkizHZ1hyF6p+vUERDbE76FitSnC0LECYEH69gTQU="],"block_size":4096,"path":"skin/fonts/Source-Sans-Pro/400/latin.woff2"},{"block_hashes":["fCZprwPb9XYZVrzseQCtrSwJf5NoJSm8LLXW0OfPwdk=","f46o2rtUNYrqgdqBxAAiQ3yHa2T4aOEpgNdFE2JCN5s="],"block_size":4096,"path":"skin/fonts/Source-Sans-Pro/400/vietnamese.woff2"},{"block_hashes":["xFuHTNcB64kj0xh5JOzO26LGZoJRl6jwWzQYUGOQ+qY=","psmdSp6c4KqBEUeebc37WIU1OMm5X99d60vD7EYnAzM="],"block_size":4096,"path":"skin/fonts/Source-Sans-Pro/700/cyrillic-ext.woff2"},{"block_hashes":["XkgjJtmm/T7UMsm8jhsGEFAZg9t2r0xaR5v7A2AEM4o=","OLjxvWOWd8trkvuJrEh7CEgyjqd1XS1Ob/4XTwoxkFI=","pXNwi9bqG0MpHG3fxVUTluUrvdI8mFJRktrcDW5eKlY="],"block_size":4096,"path":"skin/fonts/Source-Sans-Pro/700/cyrillic.woff2"},{"block_hashes":["47ieOpPbMwgxpa/X+u3w5khUM1ooK1/Xu9tbnlxK9o8=","OGEREN18TvNLvta/96PQNUezmirXOizDqk4sNNPgltE="],"block_size":4096,"path":"skin/fonts/Source-Sans-Pro/700/greek-ext.woff2"},{"block_hashes":["n1fEwvNKXEf7VRGlWPk47qxg8I/N2Cxf1PJ0oGAu8+Q=","BWFcW6zH8sq2a1m92ZcjapgfVVjnEnM9ThGiPdstq1c=","D7nkZhhmp9p5t1w5U6DB2Ss60to39d5NzoDYHRsHBz0="],"block_size":4096,"path":"skin/fonts/Source-Sans-Pro/700/greek.woff2"},{"block_hashes":["pqzS36z1Ks/RyGlqSOizd/0PEymJ/TDeOvb0PxRDPLY=","yUnPJ36l4gXDi/0OJTVf7RCXWNtXYz5Jy3eEhYPqnhA=","CFhkdkGOU4wCtoIj6OOZ9uH+2mDZPyPBHb20RvSW9jE=","CPZ8QxAhzvWGN72yJl5o5ULIpEYsZfk0yDpSmMfg/ZA="],"block_size":4096,"path":"skin/fonts/Source-Sans-Pro/700/latin-ext.woff2"},{"block_hashes":["D1q7/AdxvV5hO4mlxw9T21cffIB5GWSrRJ0DJsD7hTY=","zdw1SLSilFZ6JoUbwyEXzo7FtpJl+bErRqD/hgHOXQk=","7Cqhzl5/GDSUIULnPZR3ui8WF56ms+U6POf+ekLQH9c=","Hx6Hz3Y8XwErev/hpV2BC1WXJDPt08cKc3X9Atyv06I="],"block_size":4096,"path":"skin/fonts/Source-Sans-Pro/700/latin.woff2"},{"block_hashes":["TvRBupetearI1T/1ZWFRSmMQSv3mtfXXl3ggxyqdxmE=","D2yXy08TEgRyyX31PfEBg9LcJSAavVGdHHei2zIqxfs="],"block_size":4096,"path":"skin/fonts/Source-Sans-Pro/700/vietnamese.woff2"},{"block_hashes":["UM3oREwOuzqr81VTRLcvea5U0nxSx6iqCn0SNWNehvE="],"block_size":4096,"path":"skin/icons/abp-logo.svg"},{"block_hashes":["5EWHNAnDupWfCuca1fidmSBpr/G16epegvMgtJR4Zec="],"block_size":4096,"path":"skin/icons/alert.svg"},{"block_hashes":["QX2hGSvfXUmkuH5FQGRZtpXDveagbpd5y4ovBIui2YM="],"block_size":4096,"path":"skin/icons/android.svg"},{"block_hashes":["ts59Y8iFErHSHbLRTdug1k3q4IKvXDjAiPI5U1gevrk="],"block_size":4096,"path":"skin/icons/apple.svg"},{"block_hashes":["Vgpz4KoN+mQFH6NMUQkukUGMUbasi7L6AalSf914lCk="],"block_size":4096,"path":"skin/icons/attention.svg"},{"block_hashes":["Mh9KKfdnmZT4Tlp8W1qrKT4pMc4AVXucYEuK7wP4z8A="],"block_size":4096,"path":"skin/icons/block-element.svg"},{"block_hashes":["+gb2EfqwELePgDfL1bwNrr4rgE20jNJMcF172G74Emo="],"block_size":4096,"path":"skin/icons/checkbox.svg"},{"block_hashes":["lV63MXIYPItHkzLM6SvIYeyM4B7JLNL0hrAxqZBOJAs="],"block_size":4096,"path":"skin/icons/checkmark.svg"},{"block_hashes":["9rFXVt4+i2r8om8vHvI3sy3JkIs91NcEE6G9vhZOQ+Q="],"block_size":4096,"path":"skin/icons/code.svg"},{"block_hashes":["tNKg1AbD4TfGIS+A3YTJXNZeuEmMhnxD7LS2z4xUm3E="],"block_size":4096,"path":"skin/icons/copy.svg"},{"block_hashes":["TYkkX2WGGlWKEALVmQBqFSuepSCk4RK8+PhfcR2xlW0="],"block_size":4096,"path":"skin/icons/critical.svg"},{"block_hashes":["DueTjKsUwX/eLHTvZsAvt46GxpyHzk4mpP6U6Yb2Wyc="],"block_size":4096,"path":"skin/icons/delete.svg"},{"block_hashes":["odd/1aG6t3i1pfOX8ofAOSh73JHTi7ii3yuxVfYCcK4="],"block_size":4096,"path":"skin/icons/error.svg"},{"block_hashes":["yPQLU00qAccHBWJ8UcHAPD87p8kwIW0TukL7kMeiFIE="],"block_size":4096,"path":"skin/icons/facebook.svg"},{"block_hashes":["SgDUVucscl7mGRTbCz9yjjowMQybltSSPNCKmuvhja4="],"block_size":4096,"path":"skin/icons/first-run/checkmark-header.svg"},{"block_hashes":["zAmoVUlw2EgE0dodIblsY/7D8a8YhJpiCyrBKKapEGQ="],"block_size":4096,"path":"skin/icons/first-run/checkmark.svg"},{"block_hashes":["6ydGSwxs24X6Ma5L6P74wlWM5o+hKME+hCHWy2WWaF0="],"block_size":4096,"path":"skin/icons/first-run/lock.svg"},{"block_hashes":["W0jbumyE8a3EWQKYaYb/v5UCHvvd2CVji3i3aBDKvnM="],"block_size":4096,"path":"skin/icons/first-run/rocket.svg"},{"block_hashes":["WNoNRaO8idFKVzUcxa0YgJZZGNmPJFf7jZdkWBzTSTo="],"block_size":4096,"path":"skin/icons/gear.svg"},{"block_hashes":["xXIrgsBw1z8WQm4mBiu1zk8LDogmfY37AF+6Rzv8ux8="],"block_size":4096,"path":"skin/icons/globe.svg"},{"block_hashes":["XwPEYQd3zBxtgvuwXMI4LmIvBGt0JslHVHv4WfaCcHY="],"block_size":4096,"path":"skin/icons/hide.svg"},{"block_hashes":["sXWZHHNaP/T+/2JlCO9G9LPCdP94CTfJcTG+MwozPgA="],"block_size":4096,"path":"skin/icons/highlight.svg"},{"block_hashes":["slUxkJe4MyVWqA0akAesPVBPBICq6w4mOAgY16LOt/o="],"block_size":4096,"path":"skin/icons/iconOff.svg"},{"block_hashes":["bc+Y3lnCxv/W/+PX4T68UdRkELnYXeJ5yFJm57oqXRE="],"block_size":4096,"path":"skin/icons/iconOn.svg"},{"block_hashes":["tnFObuu0nr5d7zGf99g0vvhme4xO5/Lr8RDj06S8YAw="],"block_size":4096,"path":"skin/icons/info.svg"},{"block_hashes":["WuzEbzT9I4DDw13O7zPkx/+UWMYy14/+QUtb9I8RTmc="],"block_size":4096,"path":"skin/icons/radio.svg"},{"block_hashes":["oWLQW+hFTBBt4dV5uj/rDWj2ZBLsfWcWqpoVUyXLySQ="],"block_size":4096,"path":"skin/icons/reload.svg"},{"block_hashes":["rdsiO61WOQF2QFUrNs6dHonfLiuEsKQwylAIWO8siCU="],"block_size":4096,"path":"skin/icons/report-issue.svg"},{"block_hashes":["YZ/q08NneLppaV0SjB6Pvz6gmZy0twE8FuN9C1MQyuc="],"block_size":4096,"path":"skin/icons/toggle.svg"},{"block_hashes":["QUuT09DUs+9l7pf5AEygjxrj4qYKJbUrcap1lyX0oRE="],"block_size":4096,"path":"skin/icons/tooltip.svg"},{"block_hashes":["BkxPlX8s/a4dp/LCS7s097CO1o5Hw8/s3utRgyKYr3M="],"block_size":4096,"path":"skin/icons/trash.svg"},{"block_hashes":["t+luQgufTMWMUdRrM2dBq4KLS7FfFGORnwRY7tLHRnc="],"block_size":4096,"path":"skin/icons/twitter.svg"},{"block_hashes":["ROH97foGpQP6BtS7DMpc5n7Re/fIJ5j2u6m2Lnkei8Q="],"block_size":4096,"path":"skin/icons/updates/base-graphic.svg"},{"block_hashes":["ucHw3hFZl5kROjYj94otmFBJ7iGtaD2cnJ3GO5S+aq0="],"block_size":4096,"path":"skin/icons/updates/mobile.svg"},{"block_hashes":["LIZTK/uvmSLaRMmh6hifDHzzayXDP/nID0dxipgATWs="],"block_size":4096,"path":"skin/icons/updates/rocket.svg"},{"block_hashes":["+klzOJjgjgXYUEOzfSI2zLbL49rYPrhNsDxqzik93yo="],"block_size":4096,"path":"skin/icons/updates/thumbs-up.svg"},{"block_hashes":["UOmtwa9Gw9qcuX1NeRufUjbjwXVtQrwidnXsHt64rtM="],"block_size":4096,"path":"skin/icons/web/navbar-logo.svg"},{"block_hashes":["wGLRjJtJfGxPh2uKJfASkeUq/ylZ6X6I1Xpavsl6ujA="],"block_size":4096,"path":"skin/icons/weibo.svg"},{"block_hashes":["dOQeP4I5keg1NThKKs4klpgdFi5S8e8Db7jLWjSAHwo=","2Xm0SG38JjUfcCNRaaX3lWX1be8GaTLg7ToZCipgmAE=","36PpcqYSyQpXRFN8VNaPrlEXiR5ia4G7/Kx/X+a7X3A="],"block_size":4096,"path":"skin/issue-reporter.css"},{"block_hashes":["qmTg4xNGI/29eCOP/FkX9UbnSMBpy9+BCYjkBF4K0no=","o7LTZAvaIdMOS+nBaLf1K0i6BUW5EKA4zE2qTm/ctuQ=","rkGXPFNIWn0456M/SHV32NbL5nN3R69ZCHr7hiuU4hk=","bssh9W/G38IoKtTrmydwlsHl1epLlqrvlndijZ5HbgE="],"block_size":4096,"path":"skin/popup.css"},{"block_hashes":["y+gLSPNEDS6uwkCtQdJ+EPwZFzt/lPrfvRZSYSLsJ+U="],"block_size":4096,"path":"skin/updates.css"},{"block_hashes":["GLzqbfskb9xUW14izI+x7nbUOtNqX7H8pwW1gSIlRQc=","sIEjPNAHuzP1o1d67Ht5aSLxIwf6BXY23RssHi3X0l0=","WFCO7UOPRycuTa2No+M4LmWPiC0AAKa77I1upAZv6IA=","WACbBnFHqpse9ZTz6BdNR/8d4UFv/rQQG4zHne0I1ZA=","HPsoNdNelVHumTAK7HFH3HSBB7ximUP7lGmFnn2ntw8=","Fbo9h+PcqED4L+RApBn9Gd7o3epNP70p8FkCrT7O9p0=","bWtu8NTpwLtArziIvMObDAOiQK/Tuwgz0F7ej5qFnKw=","EOTpaU4isjny098PWyGVq+dqurte/CjXU38Rzc6spwA=","PfyFMUu6qR1Eza/F4s0t7us1tm+TflCr6K6TQR+v9vI="],"block_size":4096,"path":"skin/web.css"},{"block_hashes":["ulXTcphyrxd1OGS4WZDw8WwP5ndMGRDYnu45YUTFWys=","/ZhPLDGaOlZtdDb3w6/WcoraDBCPhd+lIS4UpW2JKw0=","qZ7KG0JOR5VsQa7ilxU8NkpvOCBqbRjXv6ieMhcfk2c=","sDpiuta2mAuyd4ISKsjz4Avm0/tTowF/7nwbsxaqV80=","d57/unMnpZ8RwCiSODXzOqEHy2dMqcNhwOpFISDwIxo=","a20rY7CWLRlSaA14evovaFg9iufwMH2F2hwq0AOwkCk=","JhTYEWLch7W+8WJ4LU2Xcd9ENlML3HfODhH4YDkUDu4=","B5Tg7qD95mL8XT7+9PSXSVJYAWgOeOwjZa5rLxn9bz4=","4YEsXMtIGNMr/prxUAInVudklUPW5ZoAjZmiG5mxkCA=","Xvdp6DksSkzVi6ktArvm6qrybrDczBxbeYx1JzVILII=","qCMXXtGEwUE67S3aWVrooVoD69J0IFVlkpqzkM9R0RM="],"block_size":4096,"path":"snippets.js"},{"block_hashes":["ewwsiQrOrzBWulBEQTqr/F+/Nbw36oeIpVIozI4NV1M="],"block_size":4096,"path":"updates.html"},{"block_hashes":["NSAhtfFTwrb8SlItRvoN14sQtophxhgjZl0XSeSepoc="],"block_size":4096,"path":"updates.js"}],"version":2}